"Annotation1-1"	"BeginTime"	"Annotation1-2"	"BeginTime"	"Annotation2-1"	"BeginTime"	"Annotation2-2"	"BeginTime"	"Annotation3-2"	"BeginTime"	"TranscriptionName"

NCMS000	8264	AQ0CS0	8758	perro	8264	gran	8758	A-SubjectiveAssessmentAttribute	8758	"What-Aptent-ES.eaf"
NCMS000	16372	AQ0MS0	16628	fondo	16372	blanco	16628	A-ColorAttribute	16628	"What-Aptent-ES.eaf"
NCMS000	22766	AQ0MS0	23017	coche	22766	blanco	23017	A-ColorAttribute	23017	"What-Aptent-ES.eaf"
NCMS000	22766	AQ0FS0	23519	coche	22766	alto	23519	A-SubjectiveAssessmentAttribute	23519	"What-Aptent-ES.eaf"
NCMS000	28539	AQ0CS0	29292	bolso	28539	azul	29292	A-ColorAttribute	29292	"What-Aptent-ES.eaf"
NCFS000	29041	AQ0CS0	29292	playa	29041	azul	29292	A-ColorAttribute	29292	"What-Aptent-ES.eaf"
NCFS000	29041	AQ0MS0	29794	playa	29041	blanco	29794	A-ColorAttribute	29794	"What-Aptent-ES.eaf"
NCMS000	54984	AQ0CS0	55191	bolsillo	54984	interior	55191	A-PositionalAttribute	55191	"What-Aptent-ES.eaf"
NCMS000	60365	AQ0FP0	61100	sol	60365	dorada	61100	A-ColorAttribute	61100	"What-Aptent-ES.eaf"
NCMS000	60855	AQ0FP0	61100	aviador	60855	dorada	61100	A-ColorAttribute	61100	"What-Aptent-ES.eaf"
NCMS000	166620	AQ0MS0	166910	paseo	166620	marítimo	166910	A-PositionalAttribute	166910	"What-Aptent-ES.eaf"
NCMS000	171098	AQ0MS0	171381	punto	171098	fijo	171381	A-PositionalAttribute	171381	"What-Aptent-ES.eaf"
NCMS000	198095	AQ0FS0	198725	rostro	198095	cierto	198725	A-SubjectiveAssessmentAttribute	198725	"What-Aptent-ES.eaf"
NCMP000	220704	AQ0CS0	221248	árbol	220704	abundante	221248	A-SubjectiveAssessmentAttribute	221248	"What-Aptent-ES.eaf"
NCFS000	228231	AQ0MS0	229242	montaña	228231	estrecho	229242	A-SubjectiveAssessmentAttribute	229242	"What-Aptent-ES.eaf"
NCMS000	229579	AQ0MS0	229916	sendero	229579	pedregoso	229916	A-SubjectiveAssessmentAttribute	229916	"What-Aptent-ES.eaf"
NCMS000	234225	AQ0FS0	234795	hombre	234225	mediano	234795	A-SubjectiveAssessmentAttribute	234795	"What-Aptent-ES.eaf"
NCFS000	235080	AQ0FS0	235935	edad	235080	canoso	235935	A-ColorAttribute	235935	"What-Aptent-ES.eaf"
NCFS000	235650	AQ0FS0	235935	barba	235650	canoso	235935	A-ColorAttribute	235935	"What-Aptent-ES.eaf"
NCMS000	238215	AQ0CS0	238500	banco	238215	individual	238500	A-SubjectiveAssessmentAttribute	238500	"What-Aptent-ES.eaf"
NCMS000	243630	AQ0CS0	243915	dedo_índice	243630	índice	243915	A-PositionalAttribute	243915	"What-Aptent-ES.eaf"
NCFS000	244770	AQ0FS0	245055	mano	244770	izquierdo	245055	A-PositionalAttribute	245055	"What-Aptent-ES.eaf"
NCMS000	252108	AQ0MS0	252676	vaso	252108	nervioso	252676	A-StateOfMind	252676	"What-Aptent-ES.eaf"
NCMS000	254948	AQ0MS0	255232	café	254948	solo	255232	A-SubjectiveAssessmentAttribute	255232	"What-Aptent-ES.eaf"
NCMP000	269755	AQ0CP0	270028	banco	269755	individual	270028	A-SubjectiveAssessmentAttribute	270028	"What-Aptent-ES.eaf"
NCFS000	274942	AQ0FS0	275215	pierna	274942	derecho	275215	A-PositionalAttribute	275215	"What-Aptent-ES.eaf"
NCFS000	274942	AQ0MS0	275488	pierna	274942	nervioso	275488	A-StateOfMind	275488	"What-Aptent-ES.eaf"
NCMS000	286255	AQ0MS0	286518	bolsillo	286255	trasero	286518	A-PositionalAttribute	286518	"What-Aptent-ES.eaf"
NCCS000	406677	AQ0FS0	406970	joven	406677	pelirrojo	406970	A-ColorAttribute	406970	"What-Aptent-ES.eaf"
NCMS000	409021	AQ0CS0	409314	ordenador	409021	portátil	409314	A-SubjectiveAssessmentAttribute	409314	"What-Aptent-ES.eaf"
NCMS000	514691	AQ0MS0	514964	abrigo	514691	marrón	514964	A-ColorAttribute	514964	"What-Aptent-ES.eaf"
NCMS000	515783	AQ0MS0	516056	fular	515783	negro	516056	A-ColorAttribute	516056	"What-Aptent-ES.eaf"
NCMS000	516602	AQ0MS0	516875	estampado	516602	blanco	516875	A-ColorAttribute	516875	"What-Aptent-ES.eaf"
NCFS000	517967	AQ0FS0	518240	pendiente	517967	lleno	518240	A-SubjectiveAssessmentAttribute	518240	"What-Aptent-ES.eaf"
NCFP000	536780	AQ0MP0	537692	vuelta	536780	mismo	537692		537692	"What-Aptent-ES.eaf"
NP00SP0	652140	AQ0FS0	652880	jess	652140	atento	652880	A-IntentionalPsychologicalProcess	652880	"What-Aptent-ES.eaf"
NP00G00	684700	AQ0MS0	685153	james	684700	reflexivo	685153	A-IntentionalPsychologicalProcess	685153	"What-Aptent-ES.eaf"
NCFS000	756171	AQ0FS0	756442	mujer	756171	negro	756442	A-ColorAttribute	756442	"What-Aptent-ES.eaf"
NCMS000	758068	AQ0MS0	758339	móvil	758068	sujeto	758339	A-PositionalAttribute	758339	"What-Aptent-ES.eaf"
NCMS000	759965	AQ0MS0	760236	hombro	759965	izquierdo	760236	A-PositionalAttribute	760236	"What-Aptent-ES.eaf"
NP00SP0	780274	AQ0FS0	781132	zoé	780274	próximo	781132	A-PositionalAttribute	781132	"What-Aptent-ES.eaf"
NCMS000	782848	AQ0MS0	783134	fondo	782848	blanco	783134	A-ColorAttribute	783134	"What-Aptent-ES.eaf"
NCFS000	2883	AQ0CS0	3642	pareja	2883	gran	3642	A-SubjectiveAssessmentAttribute	3642	"Aristia-ES.eaf"
NCMS000	7437	AQ0MS0	7690	sentido	7437	contrario	7690	A-SubjectiveAssessmentAttribute	7690	"Aristia-ES.eaf"
NCMS000	8449	AQ0CS0	8955	día	8449	gris	8955	A-RadiatingLight	8955	"Aristia-ES.eaf"
NCFS000	17999	AQ0FS0	18332	pantalla	17999	blanco	18332	A-ColorAttribute	18332	"Aristia-ES.eaf"
NP00V00	22336	AQ0MS0	22632	bmw	22336	blanco	22632	A-ColorAttribute	22632	"Aristia-ES.eaf"
NCMS000	54012	AQ0MS0	54274	pelo	54012	rubio	54274	A-ColorAttribute	54274	"Aristia-ES.eaf"
NCMS000	96605	AQ0MS0	96912	bañador	96605	negro	96912	A-ColorAttribute	96912	"Aristia-ES.eaf"
NCFS000	165176	AQ0MS0	165992	orilla	165176	atento	165992	A-IntentionalPsychologicalProcess	165992	"Aristia-ES.eaf"
NCMS000	219787	AQ0MS0	220076	traje	219787	negro	220076	A-ColorAttribute	220076	"Aristia-ES.eaf"
NCMS000	228130	AQ0MS0	228462	matorral	228130	bajo	228462	A-SubjectiveAssessmentAttribute	228462	"Aristia-ES.eaf"
NCMS000	237128	AQ0MP0	238145	bigote	237128	entrecano	238145	A-ColorAttribute	238145	"Aristia-ES.eaf"
NCFS000	237806	AQ0MP0	238145	barba	237806	entrecano	238145	A-ColorAttribute	238145	"Aristia-ES.eaf"
NCFS000	240857	AQ0FS0	241874	camiseta	240857	verdoso	241874	A-ColorAttribute	241874	"Aristia-ES.eaf"
NCMP000	241535	AQ0FS0	241874	tirante	241535	verdoso	241874	A-ColorAttribute	241874	"Aristia-ES.eaf"
NCMS000	269130	AQ0MS0	269420	banco	269130	cercano	269420	A-PositionalAttribute	269420	"Aristia-ES.eaf"
NCFS000	274060	AQ0FS0	274350	pierna	274060	derecho	274350	A-PositionalAttribute	274350	"Aristia-ES.eaf"
NCMS000	280170	AQ0MS0	280398	banco	280170	contiguo	280398	A-PositionalAttribute	280398	"Aristia-ES.eaf"
NCMP000	413280	AQ0FS0	414375	año	413280	pelirrojo	414375	A-ColorAttribute	414375	"Aristia-ES.eaf"
NCFS000	530367	AQ0FS0	530666	explanada	530367	terroso	530666	A-SubjectiveAssessmentAttribute	530666	"Aristia-ES.eaf"
NP00SP0	557000	AQ0MS0	557934	rick	557000	incrédulo	557934	A-StateOfMind	557934	"Aristia-ES.eaf"
NP00SP0	740250	AQ0FS0	740992	jessica	740250	pensativo	740992	A-IntentionalPsychologicalProcess	740992	"Aristia-ES.eaf"
NCFS000	758582	AQ0MS0	759248	imagen	758582	negro	759248	A-ColorAttribute	759248	"Aristia-ES.eaf"
NP00SP0	779660	AQ0FS0	780320	zoé	779660	próximo	780320	A-PositionalAttribute	780320	"Aristia-ES.eaf"
NP0V00	23195	AQ0MS0	24080	bmw	23195	blanco	24080	A-ColorAttribute	24080	"What-CEIAF-ES.eaf"
NCMS000	23785	AQ0MS0	24080	color	23785	blanco	24080	A-ColorAttribute	24080	"What-CEIAF-ES.eaf"
NCMS000	25555	AQ0MS0	25850	paseo	25555	marítimo	25850	A-PositionalAttribute	25850	"What-CEIAF-ES.eaf"
NCMS000	96366	AQ0MS0	96622	torso	96366	desnudo	96622	A-SubjectiveAssessmentAttribute	96622	"What-CEIAF-ES.eaf"
NP00G00	142050	AQ0MS0	142634	james	142050	inquieto	142634	A-StateOfMind	142634	"What-CEIAF-ES.eaf"
NCFS000	167834	AQ0FS0	169106	playa	167834	desierto	169106	A-SubjectiveAssessmentAttribute	169106	"What-CEIAF-ES.eaf"
NCFS000	188700	AQ0MS0	189900	orilla	188700	cierto	189900	A-SubjectiveAssessmentAttribute	189900	"What-CEIAF-ES.eaf"
NCMS000	193864	AQ0MS0	194221	hombre	193864	rubio	194221	A-ColorAttribute	194221	"What-CEIAF-ES.eaf"
NCFS000	196006	AQ0FS0	196363	estatura	196006	medio	196363	A-SubjectiveAssessmentAttribute	196363	"What-CEIAF-ES.eaf"
NCFS000	197077	AQ0CS0	197434	complexión	197077	fuerte	197434	A-SubjectiveAssessmentAttribute	197434	"What-CEIAF-ES.eaf"
NCMS000	234650	AQ0FS0	235550	hombre	234650	cano	235550	A-ColorAttribute	235550	"What-CEIAF-ES.eaf"
NCFS000	235250	AQ0FS0	235550	barba	235250	cano	235550	A-ColorAttribute	235550	"What-CEIAF-ES.eaf"
NCFS000	244490	AQ0CS0	244819	camiseta	244490	verde	244819	A-ColorAttribute	244819	"What-CEIAF-ES.eaf"
NCMS000	269646	AQ0MS0	270029	pantalón	269646	vaquero	270029	A-SubjectiveAssessmentAttribute	270029	"What-CEIAF-ES.eaf"
NCFP000	271178	AQ0FP0	271561	zapatilla	271178	deportivo	271561	A-SubjectiveAssessmentAttribute	271561	"What-CEIAF-ES.eaf"
NP00SP0	272327	AQ0MS0	273476	rick	272327	solo	273476	A-SubjectiveAssessmentAttribute	273476	"What-CEIAF-ES.eaf"
NCFS000	513754	AQ0FS0	514101	zona	513754	boscoso	514101	A-SubjectiveAssessmentAttribute	514101	"What-CEIAF-ES.eaf"
NCFS000	515489	AQ0MS0	516183	intensidad	515489	extraño	516183	A-SubjectiveAssessmentAttribute	516183	"What-CEIAF-ES.eaf"
NCCS000	739964	AQ0FS0	740870	estudiante	739964	pensativo	740870	A-IntentionalPsychologicalProcess	740870	"What-CEIAF-ES.eaf"
NCFS000	758010	AQ0FS0	758320	mujer	758010	negro	758320	A-ColorAttribute	758320	"What-CEIAF-ES.eaf"
NP00O00	779356	AQ0FS0	780400	zoé	779356	próximo	780400	A-PositionalAttribute	780400	"What-CEIAF-ES.eaf"
NCMS000	4935	AQ0MS0	5314	paseo	4935	marítimo	5314	A-PositionalAttribute	5314	"What-CineAccesibleNavarra-ES.eaf"
NCMS000	6451	AQ0MS0	7209	cielo	6451	luminoso	7209	A-RadiatingLight	7209	"What-CineAccesibleNavarra-ES.eaf"
NCFP000	9104	AQ0FP0	9483	nube	9104	blanco	9483	A-ColorAttribute	9483	"What-CineAccesibleNavarra-ES.eaf"
NCMS000	15547	AQ0MS0	15926	fondo	15547	blanco	15926	A-ColorAttribute	15926	"What-CineAccesibleNavarra-ES.eaf"
NCMS000	22288	AQ0MS0	22556	coche	22288	blanco	22556	A-ColorAttribute	22556	"What-CineAccesibleNavarra-ES.eaf"
NCFS000	23360	AQ0FS0	23628	gama	23360	alto	23628	A-SubjectiveAssessmentAttribute	23628	"What-CineAccesibleNavarra-ES.eaf"
NCMS000	25236	AQ0MS0	25504	paseo	25236	marítimo	25504	A-PositionalAttribute	25504	"What-CineAccesibleNavarra-ES.eaf"
NCFS000	160179	AQ0MS0	161190	arena	160179	solo	161190		161190	"What-CineAccesibleNavarra-ES.eaf"
NCMP000	164223	AQ0MS0	165234	año	164223	corto	165234	A-SubjectiveAssessmentAttribute	165234	"What-CineAccesibleNavarra-ES.eaf"
NCMS000	164897	AQ0MS0	165234	cabello	164897	corto	165234	A-SubjectiveAssessmentAttribute	165234	"What-CineAccesibleNavarra-ES.eaf"
NCMS000	164897	AQ0MS0	165571	cabello	164897	pelirrojo	165571	A-ColorAttribute	165571	"What-CineAccesibleNavarra-ES.eaf"
NCFS000	166245	AQ0FS0	167256	barba	166245	corto	167256	A-SubjectiveAssessmentAttribute	167256	"What-CineAccesibleNavarra-ES.eaf"
NCMS000	181790	AQ0MS0	182795	origen	181790	enigmático	182795	A-SubjectiveAssessmentAttribute	182795	"What-CineAccesibleNavarra-ES.eaf"
NCMS000	224578	AQ0MS0	225280	lo_alto	224578	pequeño	225280	A-SubjectiveAssessmentAttribute	225280	"What-CineAccesibleNavarra-ES.eaf"
NCMS000	248401	AQ0MS0	248642	gesto	248401	pensativo	248642	A-StateOfMind	248642	"What-CineAccesibleNavarra-ES.eaf"
NCMS000	286046	AQ0MS0	286069	cabello	286046	largo	286069	A-SubjectiveAssessmentAttribute	286069	"What-CineAccesibleNavarra-ES.eaf"
NCMS000	286046	AQ0MS0	286115	cabello	286046	canoso	286115	A-ColorAttribute	286115	"What-CineAccesibleNavarra-ES.eaf"
NCFS000	286230	AQ0MS0	286299	barba	286230	mismo	286299	A-SubjectiveAssessmentAttribute	286299	"What-CineAccesibleNavarra-ES.eaf"
NCMS000	286322	AQ0CP0	286368	color	286322	grande	286368	A-SubjectiveAssessmentAttribute	286368	"What-CineAccesibleNavarra-ES.eaf"
NCMS000	286460	AQ0CS0	286483	aspecto	286460	general	286483	A-SubjectiveAssessmentAttribute	286483	"What-CineAccesibleNavarra-ES.eaf"
NCMP000	286621	AQ0CP0	286644	pantalón	286621	azul	286644	A-ColorAttribute	286644	"What-CineAccesibleNavarra-ES.eaf"
NCFS000	286690	AQ0CS0	286759	camiseta	286690	verde	286759	A-ColorAttribute	286759	"What-CineAccesibleNavarra-ES.eaf"
NCMP000	286736	AQ0CS0	286759	tirante	286736	verde	286759	A-ColorAttribute	286759	"What-CineAccesibleNavarra-ES.eaf"
NCMS000	286897	AQ0MS0	286920	parque	286897	público	286920	A-SubjectiveAssessmentAttribute	286920	"What-CineAccesibleNavarra-ES.eaf"
NCMP000	293660	AQ0MS0	294458	contacto	293660	mismo	294458	A-SubjectiveAssessmentAttribute	294458	"What-CineAccesibleNavarra-ES.eaf"
NCFS000	411750	AQ0FS0	412065	melena	411750	pelirrojo	412065	A-ColorAttribute	412065	"What-CineAccesibleNavarra-ES.eaf"
NCFS000	411750	AQ0FS0	412695	melena	411750	largo	412695	A-SubjectiveAssessmentAttribute	412695	"What-CineAccesibleNavarra-ES.eaf"
NCMS000	513636	AQ0MS0	514530	lo_alto	513636	pequeño	514530	A-SubjectiveAssessmentAttribute	514530	"What-CineAccesibleNavarra-ES.eaf"
NP00SP0	739591	AQ0FS0	740521	jess	739591	pensativo	740521	A-StateOfMind	740521	"What-CineAccesibleNavarra-ES.eaf"
NCFS000	750692	AQ0MS0	751799	imagen	750692	negro	751799	FilmLanguage	751799	"What-CineAccesibleNavarra-ES.eaf"
NCMP000	757890	AQ0FS0	758724	año	757890	negro	758724	A-ColorAttribute	758724	"What-CineAccesibleNavarra-ES.eaf"
NCFS000	758446	AQ0FS0	758724	raza	758446	negro	758724	A-ColorAttribute	758724	"What-CineAccesibleNavarra-ES.eaf"
NP00SP0	780804	AQ0FS0	781911	zoé	780804	próximo	781911	A-PositionalAttribute	781911	"What-CineAccesibleNavarra-ES.eaf"
NCMS000	786605	AQ0MS0	786894	fondo	786605	blanco	786894	A-ColorAttribute	786894	"What-CineAccesibleNavarra-ES.eaf"
NCMS000	23835	AQ0FS0	24389	ejecutivo	23835	mediano	24389	A-SubjectiveAssessmentAttribute	24389	"What-EdSol-ES.eaf"
NCFS000	27159	AQ0FS0	27713	choche	27159	alto	27713	A-SubjectiveAssessmentAttribute	27713	"What-EdSol-ES.eaf"
NCMS000	114000	AQ0MS0	114250	gesto	114000	incómodo	114250	A-StateOfMind	114250	"What-EdSol-ES.eaf"
NCMS000	143000	AQ0MS0	143230	sonido	143000	agudo	143230	A-RadiatingSound	143230	"What-EdSol-ES.eaf"
NCMS000	224182	AQ0MS0	224428	sonido	224182	perturbador	224428	A-ObjectiveAssessmentAttribute	224428	"What-EdSol-ES.eaf"
NCMS000	225904	AQ0MS0	226150	monte	225904	cercano	226150	A-PositionalAttribute	226150	"What-EdSol-ES.eaf"
NCMS000	235868	AQ0MS0	236139	personaje	235868	masculino	236139	A-SubjectiveAssessmentAttribute	236139	"What-EdSol-ES.eaf"
NCMS000	235868	AQ0CS0	236681	personaje	235868	mayor	236681	A-SubjectiveAssessmentAttribute	236681	"What-EdSol-ES.eaf"
NCFS000	236952	AQ0CS0	237765	edad	236952	anterior	237765	A-PositionalAttribute	237765	"What-EdSol-ES.eaf"
NCFS000	238578	AQ0MS0	239391	barba	238578	canoso	239391	A-ColorAttribute	239391	"What-EdSol-ES.eaf"
NCMS000	239120	AQ0MS0	239391	pelo	239120	canoso	239391	A-ColorAttribute	239391	"What-EdSol-ES.eaf"
NCFS000	274125	AQ0FS0	274410	pierna	274125	derecho	274410	A-PositionalAttribute	274410	"What-EdSol-ES.eaf"
NCFS000	274980	AQ0FS0	275265	forma	274980	repetitivo	275265	A-SubjectiveAssessmentAttribute	275265	"What-EdSol-ES.eaf"
NCMS000	380999	AQ0MS0	381332	sonido	380999	perturbador	381332	A-ObjectiveAssessmentAttribute	381332	"What-EdSol-ES.eaf"
NCMS000	415050	AQ0CS0	415330	ordenador	415050	portátil	415330	A-PositionalAttribute	415330	"What-EdSol-ES.eaf"
NCMS000	512850	AQ0MS0	513130	sonido	512850	perturbador	513130	A-ObjectiveAssessmentAttribute	513130	"What-EdSol-ES.eaf"
NCMS000	780425	AQ0MS0	780710	sonido	780425	perturbador	780710	A-ObjectiveAssessmentAttribute	780710	"What-EdSol-ES.eaf"
NCMS000	6352	AQ0MS0	6641	paseo	6352	marítimo	6641	A-PositionalAttribute	6641	"What-Ericsson-ES.eaf"
NCFS000	11554	AQ0FS0	12132	playa	11554	desierto	12132	A-SubjectiveAssessmentAttribute	12132	"What-Ericsson-ES.eaf"
NCFP000	13866	AQ0CP0	14155	nube	13866	gris	14155	A-ColorAttribute	14155	"What-Ericsson-ES.eaf"
NCFS000	62635	AQ0FS0	62890	corbata	62635	flojo	62890	A-SubjectiveAssessmentAttribute	62890	"What-Ericsson-ES.eaf"
NCMS000	93800	AQ0MS0	94098	torso	93800	desnudo	94098	A-SubjectiveAssessmentAttribute	94098	"What-Ericsson-ES.eaf"
NP00G00	99860	AQ0MS0	100400	james	99860	rubio	100400	A-ColorAttribute	100400	"What-Ericsson-ES.eaf"
NCFS000	101210	AQ0FS0	101480	piel	101210	claro	101480	A-ColorAttribute	101480	"What-Ericsson-ES.eaf"
NCFS000	171260	AQ0MS0	179580	arena	171260	confuso	179580	A-StateOfMind	179580	"What-Ericsson-ES.eaf"
NCFS000	195811	AQ0MS0	196313	vez	195811	inquieto	196313	A-StateOfMind	196313	"What-Ericsson-ES.eaf"
NCMS000	237389	AQ0CS0	237690	vaso	237389	desechable	237690	A-SubjectiveAssessmentAttribute	237690	"What-Ericsson-ES.eaf"
NCMS000	254095	AQ0MS0	254360	líquido	254095	oscuro	254360	A-ColorAttribute	254360	"What-Ericsson-ES.eaf"
NCMS000	257275	AQ0MS0	258070	pelo	257275	canoso	258070	A-ColorAttribute	258070	"What-Ericsson-ES.eaf"
NCMP000	271368	AQ0MP0	271645	banco	271368	vacío	271645	A-SubjectiveAssessmentAttribute	271645	"What-Ericsson-ES.eaf"
NP00SP0	272199	AQ0MS0	272753	rick	272199	inquieto	272753	A-StateOfMind	272753	"What-Ericsson-ES.eaf"
NCMP000	409315	AQ0CS0	410200	año	409315	abundante	410200	A-SubjectiveAssessmentAttribute	410200	"What-Ericsson-ES.eaf"
NCFS000	410495	AQ0FS0	410790	melena	410495	pelirrojo	410790	A-ColorAttribute	410790	"What-Ericsson-ES.eaf"
NCFS000	520045	AQ0CS0	520575	zona	520045	abundante	520575	A-SubjectiveAssessmentAttribute	520575	"What-Ericsson-ES.eaf"
NP00SP0	737040	AQ0FS0	737570	jessica	737040	pensativo	737570	A-StateOfMind	737570	"What-Ericsson-ES.eaf"
NCFS000	755465	AQ0FS0	755915	mujer	755465	mediano	755915	A-SubjectiveAssessmentAttribute	755915	"What-Ericsson-ES.eaf"
NCMS000	761315	AQ0FS0	771000	punto	761315	confuso	771000	A-StateOfMind	771000	"What-Ericsson-ES.eaf"
NP00SP0	779533	AQ0FS0	780412	zoé	779533	próximo	780412	A-PositionalAttribute	780412	"What-Ericsson-ES.eaf"
NCMS000	3400	AQ0MS0	3750	paseo	3400	marítimo	3750	A-PositionalAttribute	3750	"What-K-Gala-ES.eaf"
NCMS000	16317	AQ0MS0	16634	fondo	16317	blanco	16634	A-ColorAttribute	16634	"What-K-Gala-ES.eaf"
NCMS000	25030	AQ0MS0	25355	coche	25030	deportivo	25355	A-SubjectiveAssessmentAttribute	25355	"What-K-Gala-ES.eaf"
NCMS000	25030	AQ0MS0	25680	coche	25030	blanco	25680	A-ColorAttribute	25680	"What-K-Gala-ES.eaf"
NCMS000	169894	AQ0MS0	170176	bóxer	169894	negro	170176	A-ColorAttribute	170176	"What-K-Gala-ES.eaf"
NCMS000	234872	AQ0MS0	235754	pelo	234872	canoso	235754	A-ColorAttribute	235754	"What-K-Gala-ES.eaf"
NCMP000	271098	AQ0CP0	271374	banco	271098	individual	271374	A-SubjectiveAssessmentAttribute	271374	"What-K-Gala-ES.eaf"
NCFS000	274134	AQ0MS0	274410	pierna	274134	intranquilo	274410	A-StateOfMind	274410	"What-K-Gala-ES.eaf"
NCMS000	279935	AQ0MS0	280190	banco	279935	contiguo	280190	A-PositionalAttribute	280190	"What-K-Gala-ES.eaf"
NCFP000	526760	AQ0FS0	527360	dirección	526760	continuo	527360	Motion	527360	"What-K-Gala-ES.eaf"
NP00O00	739228	AQ0FS0	739900	jessica	739228	cabizbajo	739900	A-StateOfMind	739900	"What-K-Gala-ES.eaf"
NCFS000	756307	AQ0FS0	756568	mujer	756307	negro	756568	A-ColorAttribute	756568	"What-K-Gala-ES.eaf"
NP00SP0	779894	AQ0FS0	780803	zoé	779894	próximo	780803	A-PositionalAttribute	780803	"What-K-Gala-ES.eaf"
NCFS000	781712	AQ0MS0	782621	imagen	781712	negro	782621	A-ColorAttribute	782621	"What-K-Gala-ES.eaf"
NCMS000	783530	AQ0MS0	783833	fondo	783530	blanco	783833	A-ColorAttribute	783833	"What-K-Gala-ES.eaf"
NCMS000	3850	AQ0MS0	4090	día	3850	nuboso	4090	A-RadiatingLight	4090	"What-SDI-Media-ES.eaf"
NCMS000	24258	AQ0MS0	24535	coche	24258	blanco	24535	A-ColorAttribute	24535	"What-SDI-Media-ES.eaf"
NCMS000	25643	AQ0MS0	25920	paseo	25643	marítimo	25920	A-PositionalAttribute	25920	"What-SDI-Media-ES.eaf"
NCFS000	55838	AQ0FS0	56534	barba	55838	claro	56534	A-ColorAttribute	56534	"What-SDI-Media-ES.eaf"
NCFS000	56302	AQ0FS0	56534	piel	56302	claro	56534	A-ColorAttribute	56534	"What-SDI-Media-ES.eaf"
NCMS000	102690	AQ0MS0	102944	torso	102690	desnudo	102944	A-SubjectiveAssessmentAttribute	102944	"What-SDI-Media-ES.eaf"
NCMS000	200168	AQ0FP0	201002	paso	200168	inconexo	201002	A-SubjectiveAssessmentAttribute	201002	"What-SDI-Media-ES.eaf"
NCFP000	200724	AQ0FP0	201002	pisada	200724	inconexo	201002	A-SubjectiveAssessmentAttribute	201002	"What-SDI-Media-ES.eaf"
NCFS000	234520	AQ0FS0	234770	colina	234520	lleno	234770	A-SubjectiveAssessmentAttribute	234770	"What-SDI-Media-ES.eaf"
NCMS000	241320	AQ0MS0	241555	vaso	241320	térmico	241555	A-SubjectiveAssessmentAttribute	241555	"What-SDI-Media-ES.eaf"
NCFP000	245080	AQ0MP0	248100	barba	245080	saltón	248100	A-SubjectiveAssessmentAttribute	248100	"What-SDI-Media-ES.eaf"
NCMP000	245550	AQ0MP0	248100	ojo	245550	saltón	248100	A-SubjectiveAssessmentAttribute	248100	"What-SDI-Media-ES.eaf"
NCMS000	248642	AQ0MP0	248913	pelo	248642	largo	248913	A-SubjectiveAssessmentAttribute	248913	"What-SDI-Media-ES.eaf"
NCMS000	280290	AQ0CS0	280465	banco	280290	individual	280465	A-SubjectiveAssessmentAttribute	280465	"What-SDI-Media-ES.eaf"
NCMS000	282215	AQ0MS0	286016	café	282215	nervioso	286016	A-StateOfMind	286016	"What-SDI-Media-ES.eaf"
NCMS000	399120	AQ0CS0	399365	teléfono	399120	móvil	399365	A-PositionalAttribute	399365	"What-SDI-Media-ES.eaf"
NCMS000	400100	AQ0MS0	400345	bolsillo	400100	trasero	400345	A-PositionalAttribute	400345	"What-SDI-Media-ES.eaf"
NCMS000	511857	AQ0MS0	512538	pelo	511857	rojo	512538	A-ColorAttribute	512538	"What-SDI-Media-ES.eaf"
NCMS000	535750	AQ0MS0	536005	montículo	535750	lleno	536005	A-SubjectiveAssessmentAttribute	536005	"What-SDI-Media-ES.eaf"
NP00SP0	764109	AQ0FS0	764523	jess	764109	pensativo	764523	A-StateOfMind	764523	"What-SDI-Media-ES.eaf"
NCMS000	6838	AQ0CS0	7477	perro	6838	gran	7477	A-SubjectiveAssessmentAttribute	7477	"What-Tragora-ES.eaf"
NCMS000	22729	AQ0MS0	22972	deportivo	22729	blanco	22972	A-ColorAttribute	22972	"What-Tragora-ES.eaf"
NCMS000	22729	AQ0FS0	23458	deportivo	22729	alto	23458	A-SubjectiveAssessmentAttribute	23458	"What-Tragora-ES.eaf"
NCMS000	55460	AQ0MS0	55952	hombre	55460	alto	55952	A-SubjectiveAssessmentAttribute	55952	"What-Tragora-ES.eaf"
NCMS000	60134	AQ0MS0	60380	bolsillo	60134	izquierdo	60380	A-PositionalAttribute	60380	"What-Tragora-ES.eaf"
NCMS000	170452	AQ0MS0	171178	tipo	170452	negro	171178	A-ColorAttribute	171178	"What-Tragora-ES.eaf"
NCMS000	170815	AQ0MS0	171178	bóxer	170815	negro	171178	A-ColorAttribute	171178	"What-Tragora-ES.eaf"
NCMP000	182406	AQ0MP0	182807	punto	182406	distinto	182807	A-SubjectiveAssessmentAttribute	182807	"What-Tragora-ES.eaf"
NCMS000	205730	AQ0CS0	205920	punto	205730	superior	205920	A-PositionalAttribute	205920	"What-Tragora-ES.eaf"
NCMS000	233000	AQ0MS0	233478	camino	233000	decisivo	233478	A-IntentionalPsychologicalProcess	233478	"What-Tragora-ES.eaf"
NCMS000	250290	AQ0MS0	250550	pelo	250290	largo	250550	A-SubjectiveAssessmentAttribute	250550	"What-Tragora-ES.eaf"
NCMS000	251590	AQ0MS0	252370	aspecto	251590	pensativo	252370	A-StateOfMind	252370	"What-Tragora-ES.eaf"
NCFS000	253670	AQ0MS0	254450	cabeza	253670	indeciso	254450	A-StateOfMind	254450	"What-Tragora-ES.eaf"
NCMS000	274490	AQ0MS0	274782	pantalón	274490	vaquero	274782	A-SubjectiveAssessmentAttribute	274782	"What-Tragora-ES.eaf"
NCFP000	275658	AQ0FP0	275950	zapatilla	275658	deportivo	275950	A-SubjectiveAssessmentAttribute	275950	"What-Tragora-ES.eaf"
NCFS000	280914	AQ0FS0	281206	pierna	280914	derecha	281206	A-PositionalAttribute	281206	"What-Tragora-ES.eaf"
NCMS000	285294	AQ0MS0	285878	lado	285294	nervioso	285878	A-StateOfMind	285878	"What-Tragora-ES.eaf"
NCMS000	290842	AQ0CS0	291134	teléfono	290842	móvil	291134	A-PositionalAttribute	291134	"What-Tragora-ES.eaf"
NCMS000	292594	AQ0MS0	292886	bolsillo	292594	trasero	292886	A-PositionalAttribute	292886	"What-Tragora-ES.eaf"
NCMS000	380388	AQ0MS0	380656	semblante	380388	serio	380656	A-StateOfMind	380656	"What-Tragora-ES.eaf"
NCFS000	418998	AQ0FS0	419331	chico	418998	pelirrojo	419331	A-ColorAttribute	419331	"What-Tragora-ES.eaf"
NP00SP0	738880	AQ0MS0	739420	rick	738880	dubitativo	739420	A-StateOfMind	739420	"What-Tragora-ES.eaf"
NP00SP0	761048	AQ0MS0	772000	rick	761048	mismo	772000	A-SubjectiveAssessmentAttribute	772000	"What-Tragora-ES.eaf"
