"Annotation1-1","BeginTime","Annotation2-1","BeginTime","Annotation3-1","BeginTime","TranscriptionName"
Motion,5698,cruzar,5698,VMIP3P0,5698,"What-Aptent-ES.eaf"
Walking,7371,pasear,7371,VMIP3S0,7371,"What-Aptent-ES.eaf"
Process,9761,hacer,9761,VMG0000,9761,"What-Aptent-ES.eaf"
Smelling,11674,olisquear,11674,VMIP3S0,11674,"What-Aptent-ES.eaf"
Hearing,13812,oír,13812,VMN0000,13812,"What-Aptent-ES.eaf"
Walking,14580,correr,14580,VMIP3S0,14580,"What-Aptent-ES.eaf"
Motion,22264,detener,22264,VMIP3S0,22264,"What-Aptent-ES.eaf"
Motion,24272,salir,24272,VMIF3S0,24272,"What-Aptent-ES.eaf"
Communication,25025,hablar,25025,VMG0000,25025,"What-Aptent-ES.eaf"
possesses,26280,guardar,26280,VMIF3S0,26280,"What-Aptent-ES.eaf"
Removing,28037,coger,28037,VMIF3S0,28037,"What-Aptent-ES.eaf"
possesses,52914,guardar,52914,VMIP3S0,52914,"What-Aptent-ES.eaf"
BodyMotion,53949,llevar,53949,VMIP3S0,53949,"What-Aptent-ES.eaf"
Putting Dressing,59352,poner_se,59352,VMIP3S0,59352,"What-Aptent-ES.eaf"
Seeing,61260,mirar,61260,VMM02S0,61260,"What-Aptent-ES.eaf"
Walking,67233,caminar,67233,VMG0000,67233,"What-Aptent-ES.eaf"
BodyMotion,68528,llevar,68528,VMIP3S0,68528,"What-Aptent-ES.eaf"
BodyMotion,92357,tender,92357,VMIP3S0,92357,"What-Aptent-ES.eaf"
Putting,95030,dejar,95030,VMIP3S0,95030,"What-Aptent-ES.eaf"
located,99420,permanecer,99420,VMM02S0,99420,"What-Aptent-ES.eaf"
BodyMotion,101202,llevar,101202,VMIP3S0,101202,"What-Aptent-ES.eaf"
Putting,103578,extender,103578,VMIP3S0,103578,"What-Aptent-ES.eaf"
IntentionalProcess,106548,recoger,106548,VMIP3S0,106548,"What-Aptent-ES.eaf"
capability,108033,dejar,108033,VMIP3S0,108033,"What-Aptent-ES.eaf"
Motion,108330,caer,108330,VMN0000,108330,"What-Aptent-ES.eaf"
BodyMotion,114905,incorporar,114905,VMIP3S0,114905,"What-Aptent-ES.eaf"
Getting,115315,coger,115315,VMIP3S0,115315,"What-Aptent-ES.eaf"
Investigating,141905,buscar,141905,VMIP3S0,141905,"What-Aptent-ES.eaf"
Process,157500,dejar,157500,VMIP3S0,157500,"What-Aptent-ES.eaf"
BodyMotion,159292,levantar,159292,VMIP3S0,159292,"What-Aptent-ES.eaf"
Motion,163430,alejar,163430,VMIP3S0,163430,"What-Aptent-ES.eaf"
Seeing,165170,mirar,165170,VMG0000,165170,"What-Aptent-ES.eaf"
Motion,169660,detener,169660,VMIP3S0,169660,"What-Aptent-ES.eaf"
SubjectiveAssessmentAttribute,170180,centrar,170180,VMIP3S0,170180,"What-Aptent-ES.eaf"
Motion,172780,volar,172780,VMIP3S0,172780,"What-Aptent-ES.eaf"
BodyMotion,174340,agitar,174340,VMG0000,174340,"What-Aptent-ES.eaf"
Motion,179820,dirigir,179820,VMIP3S0,179820,"What-Aptent-ES.eaf"
Motion,187420,dar_media_vuelta,187420,VMIP3S0,187420,"What-Aptent-ES.eaf"
capability,188640,dejar,188640,VMN0000,188640,"What-Aptent-ES.eaf"
Seeing,189128,mirar,189128,VMN0000,189128,"What-Aptent-ES.eaf"
Motion,190348,acercar,190348,VMIP3S0,190348,"What-Aptent-ES.eaf"
Process,198436,denotar,198436,VMIP3S0,198436,"What-Aptent-ES.eaf"
Walking,199748,caminar,199748,VMM02S0,199748,"What-Aptent-ES.eaf"
Communication,202044,prestar,202044,VMN0000,202044,"What-Aptent-ES.eaf"
Motion,204668,surcar,204668,VMIP3P0,204668,"What-Aptent-ES.eaf"
BodyMotion,208778,inclinar,208778,VMIP3S0,208778,"What-Aptent-ES.eaf"
IntentionalProcess,209612,recoger,209612,VMN0000,209612,"What-Aptent-ES.eaf"
Process,210724,volver,210724,VMIP3S0,210724,"What-Aptent-ES.eaf"
BodyMotion,211280,alzar,211280,VMN0000,211280,"What-Aptent-ES.eaf"
Process,212948,poner,212948,VMIP3S0,212948,"What-Aptent-ES.eaf"
BodyMotion,214060,agachar,214060,VMIP3S0,214060,"What-Aptent-ES.eaf"
IntentionalProcess,214616,recoger,214616,VMN0000,214616,"What-Aptent-ES.eaf"
Putting Dressing,216840,vestir,216840,VMG0000,216840,"What-Aptent-ES.eaf"
Walking,218800,caminar,218800,VMM02S0,218800,"What-Aptent-ES.eaf"
possesses,222064,tener,222064,VMIP3S0,222064,"What-Aptent-ES.eaf"
Putting Dressing,224784,llevar,224784,VMIP3S0,224784,"What-Aptent-ES.eaf"
Motion,227220,subir,227220,VMM02S0,227220,"What-Aptent-ES.eaf"
Touching,239925,sostener,239925,VMIP3S0,239925,"What-Aptent-ES.eaf"
null,242205,tamborilear,242205,VMIP3S0,242205,"What-Aptent-ES.eaf"
Expressing,248700,sonreír,248700,VMIP3S0,248700,"What-Aptent-ES.eaf"
Communication,249268,decir,249268,VMIP3S0,249268,"What-Aptent-ES.eaf"
IntentionalProcess,251256,continuar,251256,VMIP3S0,251256,"What-Aptent-ES.eaf"
Touching,251540,tocar,251540,VMG0000,251540,"What-Aptent-ES.eaf"
Removing,253528,quitar,253528,VMIP3S0,253528,"What-Aptent-ES.eaf"
part,254664,contener,254664,VMIP3S0,254664,"What-Aptent-ES.eaf"
Seeing,257700,mirar,257700,VMM02S0,257700,"What-Aptent-ES.eaf"
Drinking,259254,beber,259254,VMIP3S0,259254,"What-Aptent-ES.eaf"
Tasting,260364,saborear,260364,VMIP3S0,260364,"What-Aptent-ES.eaf"
Putting,267571,dejar,267571,VMIP3S0,267571,"What-Aptent-ES.eaf"
possesses,270574,tener,270574,VMIP3S0,270574,"What-Aptent-ES.eaf"
Drinking,272212,beber,272212,VMIP3S0,272212,"What-Aptent-ES.eaf"
capability,273850,dejar,273850,VMN0000,273850,"What-Aptent-ES.eaf"
BodyMotion,274396,mover,274396,VMN0000,274396,"What-Aptent-ES.eaf"
Putting,278000,dejar,278000,VMIP3S0,278000,"What-Aptent-ES.eaf"
BodyMotion,279708,dar_palmadas,279708,VMIP3S0,279708,"What-Aptent-ES.eaf"
Touching,284940,sacar,284940,VMIP3S0,284940,"What-Aptent-ES.eaf"
IntentionalProcess,287833,acceder,287833,VMIP3S0,287833,"What-Aptent-ES.eaf"
Motion,289937,deslizar,289937,VMIP3S0,289937,"What-Aptent-ES.eaf"
Motion,291778,detener,291778,VMN0000,291778,"What-Aptent-ES.eaf"
Touching,296980,pulsar,296980,VMIP3S0,296980,"What-Aptent-ES.eaf"
Communication,297277,llamar,297277,VMN0000,297277,"What-Aptent-ES.eaf"
Expressing,329895,fruncir,329895,VMIP3S0,329895,"What-Aptent-ES.eaf"
BodyMotion,330995,alzar,330995,VMIP3S0,330995,"What-Aptent-ES.eaf"
BodyMotion,351940,mover,351940,VMM02S0,351940,"What-Aptent-ES.eaf"
IntentionalProcess,352780,intentar,352780,VMG0000,352780,"What-Aptent-ES.eaf"
Communication,353060,explicar,353060,VMN0000,353060,"What-Aptent-ES.eaf"
Process,380100,volver,380100,VMIP3S0,380100,"What-Aptent-ES.eaf"
BodyMotion,380694,alzar,380694,VMN0000,380694,"What-Aptent-ES.eaf"
Expressing,387020,esbozar,387020,VMIP3S0,387020,"What-Aptent-ES.eaf"
Keeping,399352,reposar,399352,VMIP3S0,399352,"What-Aptent-ES.eaf"
Motion,402575,alejar,402575,VMIP3S0,402575,"What-Aptent-ES.eaf"
Seeing,402868,mirar,402868,VMG0000,402868,"What-Aptent-ES.eaf"
BodyMotion,404919,adentrar,404919,VMIP3S0,404919,"What-Aptent-ES.eaf"
Touching,410779,morder,410779,VMIP3S0,410779,"What-Aptent-ES.eaf"
IntentionalProcess,423020,buscar,423020,VMM02S0,423020,"What-Aptent-ES.eaf"
IntentionalProcess,426184,encontrar,426184,VMIP3S0,426184,"What-Aptent-ES.eaf"
Removing,427494,descolgar,427494,VMIP3S0,427494,"What-Aptent-ES.eaf"
Putting,428542,llevar,428542,VMIP3S0,428542,"What-Aptent-ES.eaf"
BodyMotion,455620,arquear,455620,VMIP3S0,455620,"What-Aptent-ES.eaf"
Transfer,464060,mover,464060,VMM02S0,464060,"What-Aptent-ES.eaf"
Seeing,494300,mirar,494300,VMM02S0,494300,"What-Aptent-ES.eaf"
BodyMotion,499718,bajar,499718,VMM02S0,499718,"What-Aptent-ES.eaf"
null,500750,seguir,500750,VMN0000,500750,"What-Aptent-ES.eaf"
Reasoning,501008,estudiar,501008,VMG0000,501008,"What-Aptent-ES.eaf"
BodyMotion,506833,levantar,506833,VMIP3S0,506833,"What-Aptent-ES.eaf"
Motion,517421,subir,517421,VMM02S0,517421,"What-Aptent-ES.eaf"
DirectionChange,522528,girar,522528,VMIP3S0,522528,"What-Aptent-ES.eaf"
IntentionalProcess,523760,intentar,523760,VMG0000,523760,"What-Aptent-ES.eaf"
Investigating,524068,averiguar,524068,VMN0000,524068,"What-Aptent-ES.eaf"
Motion,524992,venir,524992,VMIP3S0,524992,"What-Aptent-ES.eaf"
null,526224,proseguir,526224,VMIP3S0,526224,"What-Aptent-ES.eaf"
Motion,530700,llegar,530700,VMIP3S0,530700,"What-Aptent-ES.eaf"
Walking,532220,caminar,532220,VMIP3S0,532220,"What-Aptent-ES.eaf"
Motion,536476,dar_vueltas,536476,VMIP3P0,536476,"What-Aptent-ES.eaf"
BodyMotion,537996,mover,537996,VMG0000,537996,"What-Aptent-ES.eaf"
IntentionalPsychologicalProcess,539820,sorprender,539820,VMIP3S0,539820,"What-Aptent-ES.eaf"
Seeing,556828,mirar,556828,VMIP3S0,556828,"What-Aptent-ES.eaf"
Process,557404,hacer,557404,VMG0000,557404,"What-Aptent-ES.eaf"
SubjectiveAssessmentAttribute,559132,evitar,559132,VMN0000,559132,"What-Aptent-ES.eaf"
Motion,576493,dar_un_paso,576493,VMIP3S0,576493,"What-Aptent-ES.eaf"
IntentionalProcess,586460,buscar,586460,VMIP3P0,586460,"What-Aptent-ES.eaf"
Seeing,642487,mirar,642487,VMIP3S0,642487,"What-Aptent-ES.eaf"
Hearing,652510,escuchar,652510,VMIP3S0,652510,"What-Aptent-ES.eaf"
Seeing,707848,mirar,707848,VMM02S0,707848,"What-Aptent-ES.eaf"
SubjectiveAssessmentAttribute,708920,parecer,708920,VMIP3S0,708920,"What-Aptent-ES.eaf"
IntentionalPsychologicalProcess,709188,dudar,709188,VMN0000,709188,"What-Aptent-ES.eaf"
Communication,709992,negar,709992,VMIP3S0,709992,"What-Aptent-ES.eaf"
Keeping,715677,mantener,715677,VMIP3S0,715677,"What-Aptent-ES.eaf"
Motion,718660,abrir,718660,VMIP3S0,718660,"What-Aptent-ES.eaf"
Expressing,721060,sonreír,721060,VMM02S0,721060,"What-Aptent-ES.eaf"
Seeing,723400,mirar,723400,VMG0000,723400,"What-Aptent-ES.eaf"
BodyMotion,725788,retroceder,725788,VMIP3S0,725788,"What-Aptent-ES.eaf"
Motion,737106,marchar,737106,VMIP3S0,737106,"What-Aptent-ES.eaf"
Increasing,739736,apresurar,739736,VMIP3S0,739736,"What-Aptent-ES.eaf"
Motion,740262,alcanzar,740262,VMN0000,740262,"What-Aptent-ES.eaf"
Walking,745230,correr,745230,VMIP3S0,745230,"What-Aptent-ES.eaf"
Motion,746970,alcanzar,746970,VMIP3S0,746970,"What-Aptent-ES.eaf"
Process,748130,dar,748130,VMIP3S0,748130,"What-Aptent-ES.eaf"
Communication,750450,hablar,750450,VMIP3P0,750450,"What-Aptent-ES.eaf"
Motion,751320,alejar,751320,VMG0000,751320,"What-Aptent-ES.eaf"
null,756713,tender,756713,VMIP3S0,756713,"What-Aptent-ES.eaf"
null,763492,tender,763492,VMN0000,763492,"What-Aptent-ES.eaf"
possesses,764068,tener,764068,VMIP1S0,764068,"What-Aptent-ES.eaf"
Process,764452,dar,764452,VMN0000,764452,"What-Aptent-ES.eaf"
Seeing,772420,mirar,772420,VMM02S0,772420,"What-Aptent-ES.eaf"
Hearing,774700,oír,774700,VMM02S0,774700,"What-Aptent-ES.eaf"
TerminatingEmployment,775496,poder,775496,VMIP1S0,775496,"What-Aptent-ES.eaf"
Communication,775695,hablar,775695,VMN0000,775695,"What-Aptent-ES.eaf"
possesses,776093,tener,776093,VMIP1S0,776093,"What-Aptent-ES.eaf"
capability,776491,dejar,776491,VMN0000,776491,"What-Aptent-ES.eaf"
Process,784278,pasar,784278,VMIP3S0,784278,"What-Aptent-ES.eaf"
Walking,4148,caminar,4148,VMIP3S0,4148,"Aristia-ES.eaf"
Motion,5666,cruzar,5666,VMIP3P0,5666,"Aristia-ES.eaf"
Motion,6931,ir,6931,VMIP3S0,6931,"Aristia-ES.eaf"
Motion,9461,ir,9461,VMIP3P0,9461,"Aristia-ES.eaf"
Motion,23224,detener,23224,VMIP3S0,23224,"Aristia-ES.eaf"
Communication,25296,hablar,25296,VMIP3S0,25296,"Aristia-ES.eaf"
Motion,32373,apear,32373,VMIP3S0,32373,"Aristia-ES.eaf"
SubjectiveAssessmentAttribute,52440,rondar,52440,VMM02S0,52440,"Aristia-ES.eaf"
Putting Dressing,61284,poner,61284,VMIP3S0,61284,"Aristia-ES.eaf"
Communication,64042,anunciar,64042,VMIP3S0,64042,"Aristia-ES.eaf"
Walking,67450,caminar,67450,VMM02S0,67450,"Aristia-ES.eaf"
Process,68318,manipular,68318,VMG0000,68318,"Aristia-ES.eaf"
BodyMotion,92307,tumbar,92307,VMIP3S0,92307,"Aristia-ES.eaf"
Putting Dressing,96298,llevar,96298,VMIP3S0,96298,"Aristia-ES.eaf"
BodyMotion,97526,cerrar,97526,VMM02S0,97526,"Aristia-ES.eaf"
Touching,103020,frotar,103020,VMIP3S0,103020,"Aristia-ES.eaf"
BodyMotion,103740,abrir,103740,VMIP3S0,103740,"Aristia-ES.eaf"
BodyMotion,114701,incorporar,114701,VMIP3S0,114701,"Aristia-ES.eaf"
Removing,115243,coger,115243,VMIP3S0,115243,"Aristia-ES.eaf"
Hearing,130000,escuchar,130000,VMIP3S0,130000,"Aristia-ES.eaf"
Seeing,141410,mirar,141410,VMM02S0,141410,"Aristia-ES.eaf"
IntentionalProcess,157950,buscar,157950,VMM02S0,157950,"Aristia-ES.eaf"
BodyMotion,161353,levantar,161353,VMIP3S0,161353,"Aristia-ES.eaf"
Walking,163000,caminar,163000,VMM02S0,163000,"Aristia-ES.eaf"
Hearing,165720,escuchar,165720,VMG0000,165720,"Aristia-ES.eaf"
Seeing,166536,mirar,166536,VMG0000,166536,"Aristia-ES.eaf"
DirectionChange,180380,girar,180380,VMIP3S0,180380,"Aristia-ES.eaf"
Motion,183836,detener,183836,VMIP3S0,183836,"Aristia-ES.eaf"
Seeing,184388,mirar,184388,VMM02S0,184388,"Aristia-ES.eaf"
Walking,195640,caminar,195640,VMIP3S0,195640,"Aristia-ES.eaf"
IntentionalProcess,196765,buscar,196765,VMG0000,196765,"Aristia-ES.eaf"
Removing,208370,coger,208370,VMM02S0,208370,"Aristia-ES.eaf"
Putting Dressing,209708,poner,209708,VMIP3S0,209708,"Aristia-ES.eaf"
Walking,220654,caminar,220654,VMIP3S0,220654,"Aristia-ES.eaf"
Motion,226470,subir,226470,VMM02S0,226470,"Aristia-ES.eaf"
Process,233700,repiquetear,233700,VMIP3S0,233700,"Aristia-ES.eaf"
Putting Dressing,235940,llevar,235940,VMIP3S0,235940,"Aristia-ES.eaf"
Seeing,238500,mirar,238500,VMM02S0,238500,"Aristia-ES.eaf"
Putting Dressing,240420,llevar,240420,VMIP3S0,240420,"Aristia-ES.eaf"
Process,248120,pasar,248120,VMIP3S0,248120,"Aristia-ES.eaf"
Process,252347,quitar,252347,VMIP3S0,252347,"Aristia-ES.eaf"
part,253415,contener,253415,VMIP3S0,253415,"Aristia-ES.eaf"
Motion,255245,acercar,255245,VMIP3S0,255245,"Aristia-ES.eaf"
Seeing,257045,mirar,257045,VMM02S0,257045,"Aristia-ES.eaf"
Drinking,258330,beber,258330,VMIP3S0,258330,"Aristia-ES.eaf"
Communication,264098,anunciar,264098,VMIP3S0,264098,"Aristia-ES.eaf"
Process,267680,dejar,267680,VMIP3S0,267680,"Aristia-ES.eaf"
BodyMotion,273190,mover,273190,VMIP3S0,273190,"Aristia-ES.eaf"
Process,279030,dejar,279030,VMIP3S0,279030,"Aristia-ES.eaf"
Seeing,280854,mirar,280854,VMM02S0,280854,"Aristia-ES.eaf"
Touching,285090,sacar,285090,VMM02S0,285090,"Aristia-ES.eaf"
Investigating,286266,buscar,286266,VMIP3S0,286266,"Aristia-ES.eaf"
Selecting,296280,seleccionar,296280,VMIP3S0,296280,"Aristia-ES.eaf"
Communication,297150,llamar,297150,VMIP3S0,297150,"Aristia-ES.eaf"
Seeing,329730,mirar,329730,VMM02S0,329730,"Aristia-ES.eaf"
Seeing,380060,mirar,380060,VMM02S0,380060,"Aristia-ES.eaf"
BodyMotion,398514,levantar,398514,VMIP3S0,398514,"Aristia-ES.eaf"
Seeing,398748,mirar,398748,VMG0000,398748,"Aristia-ES.eaf"
Motion,400152,alejar,400152,VMIP3S0,400152,"Aristia-ES.eaf"
exists,402024,quedar,402024,VMIP3S0,402024,"Aristia-ES.eaf"
SubjectiveAssessmentAttribute,412185,rondar,412185,VMIP3S0,412185,"Aristia-ES.eaf"
IntentionalProcess,423000,buscar,423000,VMM02S0,423000,"Aristia-ES.eaf"
Removing,428480,coger,428480,VMM02S0,428480,"Aristia-ES.eaf"
Seeing,494300,mirar,494300,VMM02S0,494300,"Aristia-ES.eaf"
BodyMotion,506643,levantar,506643,VMIP3S0,506643,"Aristia-ES.eaf"
Walking,511040,caminar,511040,VMM02S0,511040,"Aristia-ES.eaf"
Seeing,513902,mirar,513902,VMM02S0,513902,"Aristia-ES.eaf"
Motion,517120,subir,517120,VMM02S0,517120,"Aristia-ES.eaf"
Motion,523330,detener,523330,VMIP3S0,523330,"Aristia-ES.eaf"
Seeing,523892,mirar,523892,VMM02S0,523892,"Aristia-ES.eaf"
Motion,526030,subir,526030,VMIP3S0,526030,"Aristia-ES.eaf"
Walking,526420,correr,526420,VMG0000,526420,"Aristia-ES.eaf"
Motion,529470,llegar,529470,VMIP3S0,529470,"Aristia-ES.eaf"
Seeing,533955,mirar,533955,VMIP3P0,533955,"Aristia-ES.eaf"
Seeing,539540,mirar,539540,VMIP3P0,539540,"Aristia-ES.eaf"
Hearing,541178,escuchar,541178,VMIP3P0,541178,"Aristia-ES.eaf"
Gesture,557467,gesticular,557467,VMIP3S0,557467,"Aristia-ES.eaf"
Seeing,707656,mirar,707656,VMIP3P0,707656,"Aristia-ES.eaf"
Communication,709186,negar,709186,VMIP3S0,709186,"Aristia-ES.eaf"
Seeing,717440,mirar,717440,VMIP3P0,717440,"Aristia-ES.eaf"
Walking,736884,caminar,736884,VMIP3S0,736884,"Aristia-ES.eaf"
exists,740621,quedar,740621,VMIP3S0,740621,"Aristia-ES.eaf"
Expressing,741734,sonreír,741734,VMIP3S0,741734,"Aristia-ES.eaf"
Motion,744900,ir,744900,VMIP3S0,744900,"Aristia-ES.eaf"
Walking,746190,caminar,746190,VMIP3P0,746190,"Aristia-ES.eaf"
PositionalAttribute,747480,rodear,747480,VMIP3S0,747480,"Aristia-ES.eaf"
Process,758804,fundir,758804,VMIP3S0,758804,"Aristia-ES.eaf"
Process,760136,tender,760136,VMIP3S0,760136,"Aristia-ES.eaf"
Touching,760802,sujetar,760802,VMIP3S0,760802,"Aristia-ES.eaf"
Process,763688,tender,763688,VMN0000,763688,"Aristia-ES.eaf"
possesses,764354,tener,764354,VMIP1S0,764354,"Aristia-ES.eaf"
Process,764798,dar,764798,VMN0000,764798,"Aristia-ES.eaf"
Seeing,772340,mirar,772340,VMM02S0,772340,"Aristia-ES.eaf"
Hearing,775630,oír,775630,VMM02S0,775630,"Aristia-ES.eaf"
TerminatingEmployment,776542,poder,776542,VMIP1S0,776542,"Aristia-ES.eaf"
Communication,776770,hablar,776770,VMN0000,776770,"Aristia-ES.eaf"
possesses,777226,tener,777226,VMIP1S0,777226,"Aristia-ES.eaf"
Motion,777682,dejar,777682,VMN0000,777682,"Aristia-ES.eaf"
possesses,778366,guardar,778366,VMIP3S0,778366,"Aristia-ES.eaf"
SubjectiveAssessmentAttribute,781420,rondar,781420,VMM02S0,781420,"Aristia-ES.eaf"
Process,784508,pasar,784508,VMIP3S0,784508,"Aristia-ES.eaf"
Walking,4052,pasear,4052,VMIP3S0,4052,"What-CEIAF-ES.eaf"
Motion,8427,cruzar,8427,VMIP3P0,8427,"What-CEIAF-ES.eaf"
Motion,9712,ir,9712,VMIP3S0,9712,"What-CEIAF-ES.eaf"
Walking,9969,correr,9969,VMG0000,9969,"What-CEIAF-ES.eaf"
Motion,24670,detener,24670,VMIP3S0,24670,"What-CEIAF-ES.eaf"
Motion,28310,bajar,28310,VMIP3S0,28310,"What-CEIAF-ES.eaf"
Communication,28565,hablar,28565,VMG0000,28565,"What-CEIAF-ES.eaf"
possesses,53275,guardar,53275,VMIP3S0,53275,"What-CEIAF-ES.eaf"
Touching,57792,sacar,57792,VMIP3S0,57792,"What-CEIAF-ES.eaf"
Putting Dressing,60816,poner,60816,VMIP3S0,60816,"What-CEIAF-ES.eaf"
Motion,68997,deambular,68997,VMIP3S0,68997,"What-CEIAF-ES.eaf"
BodyMotion,94830,tumbar,94830,VMIP3S0,94830,"What-CEIAF-ES.eaf"
BodyMotion,99440,cerrar,99440,VMM02S0,99440,"What-CEIAF-ES.eaf"
BodyMotion,100620,llevar,100620,VMIP3S0,100620,"What-CEIAF-ES.eaf"
Putting,106157,extender,106157,VMIP3S0,106157,"What-CEIAF-ES.eaf"
TactilePerception,107288,palpar,107288,VMG0000,107288,"What-CEIAF-ES.eaf"
BodyMotion,113462,recostar,113462,VMIP3S0,113462,"What-CEIAF-ES.eaf"
Removing,114186,coger,114186,VMIP3S0,114186,"What-CEIAF-ES.eaf"
Seeing,142342,mirar,142342,VMIP3S0,142342,"What-CEIAF-ES.eaf"
Process,157510,soltar,157510,VMIP3S0,157510,"What-CEIAF-ES.eaf"
BodyMotion,160066,incorporar,160066,VMIP3S0,160066,"What-CEIAF-ES.eaf"
Walking,164080,caminar,164080,VMM02S0,164080,"What-CEIAF-ES.eaf"
Seeing,165310,mirar,165310,VMG0000,165310,"What-CEIAF-ES.eaf"
Motion,187500,aproximar,187500,VMIP3S0,187500,"What-CEIAF-ES.eaf"
Process,189500,mostrar,189500,VMG0000,189500,"What-CEIAF-ES.eaf"
Hearing,202926,percibir,202926,VMIP3S0,202926,"What-CEIAF-ES.eaf"
Keeping,203814,mantener,203814,VMIP3S0,203814,"What-CEIAF-ES.eaf"
Motion,208100,regresar,208100,VMIP3S0,208100,"What-CEIAF-ES.eaf"
possesses,208776,tener,208776,VMIP3S0,208776,"What-CEIAF-ES.eaf"
Process,210128,comenzar,210128,VMIP3S0,210128,"What-CEIAF-ES.eaf"
Putting Dressing,210804,poner,210804,VMN0000,210804,"What-CEIAF-ES.eaf"
capability,212494,dejar,212494,VMN0000,212494,"What-CEIAF-ES.eaf"
Seeing,213170,mirar,213170,VMN0000,213170,"What-CEIAF-ES.eaf"
Motion,219038,avanzar,219038,VMIP3S0,219038,"What-CEIAF-ES.eaf"
IntentionalProcess,226050,continuar,226050,VMIP3S0,226050,"What-CEIAF-ES.eaf"
Motion,227166,subir,227166,VMG0000,227166,"What-CEIAF-ES.eaf"
Reasoning,237050,descansar,237050,VMM02S0,237050,"What-CEIAF-ES.eaf"
Putting Dressing,241200,llevar,241200,VMIP3S0,241200,"What-CEIAF-ES.eaf"
Putting Dressing,243832,vestir,243832,VMIP3S0,243832,"What-CEIAF-ES.eaf"
IntentionalPsychologicalProcess,249477,distraer,249477,VMIP3S0,249477,"What-CEIAF-ES.eaf"
Process,249804,pasar,249804,VMG0000,249804,"What-CEIAF-ES.eaf"
Covering,252093,cubrir,252093,VMIP3S0,252093,"What-CEIAF-ES.eaf"
Process,253728,abrir,253728,VMIP3S0,253728,"What-CEIAF-ES.eaf"
Process,254709,llevar,254709,VMIP3S0,254709,"What-CEIAF-ES.eaf"
Reasoning,259000,probar,259000,VMM02S0,259000,"What-CEIAF-ES.eaf"
Process,268880,completar,268880,VMIP3P0,268880,"What-CEIAF-ES.eaf"
Process,276540,tomar,276540,VMG0000,276540,"What-CEIAF-ES.eaf"
BodyMotion,277689,mover,277689,VMG0000,277689,"What-CEIAF-ES.eaf"
Touching,285100,sacar,285100,VMIP3S0,285100,"What-CEIAF-ES.eaf"
Motion,288774,deslizar,288774,VMIP3S0,288774,"What-CEIAF-ES.eaf"
IntentionalPsychologicalProcess,291112,revisar,291112,VMG0000,291112,"What-CEIAF-ES.eaf"
Selecting,296100,seleccionar,296100,VMIP3S0,296100,"What-CEIAF-ES.eaf"
Process,297573,marcar,297573,VMIP3S0,297573,"What-CEIAF-ES.eaf"
BodyMotion,329400,alzar,329400,VMIP3S0,329400,"What-CEIAF-ES.eaf"
Communication,330900,notar,330900,VMN0000,330900,"What-CEIAF-ES.eaf"
Perception,380000,percibir,380000,VMIP3S0,380000,"What-CEIAF-ES.eaf"
BodyMotion,398594,levantar,398594,VMIP3S0,398594,"What-CEIAF-ES.eaf"
Process,399188,comenzar,399188,VMIP3S0,399188,"What-CEIAF-ES.eaf"
Motion,399782,alejar,399782,VMN0000,399782,"What-CEIAF-ES.eaf"
IntentionalProcess,401564,intentar,401564,VMG0000,401564,"What-CEIAF-ES.eaf"
Learning,401861,localizar,401861,VMN0000,401861,"What-CEIAF-ES.eaf"
IntentionalProcess,425100,buscar,425100,VMM02S0,425100,"What-CEIAF-ES.eaf"
possesses,471030,tener,471030,VMIP3S0,471030,"What-CEIAF-ES.eaf"
Perception,494792,percibir,494792,VMIP3S0,494792,"What-CEIAF-ES.eaf"
Reasoning,498131,estudiar,498131,VMG0000,498131,"What-CEIAF-ES.eaf"
BodyMotion,509937,levantar,509937,VMIP3S0,509937,"What-CEIAF-ES.eaf"
Motion,510978,marchar,510978,VMIP3S0,510978,"What-CEIAF-ES.eaf"
Motion,512713,deambular,512713,VMIP3S0,512713,"What-CEIAF-ES.eaf"
Perception,514448,percibir,514448,VMG0000,514448,"What-CEIAF-ES.eaf"
Motion,517571,detener,517571,VMIP3S0,517571,"What-CEIAF-ES.eaf"
Motion,519306,llegar,519306,VMN0000,519306,"What-CEIAF-ES.eaf"
IntentionalProcess,527900,continuar,527900,VMIP3S0,527900,"What-CEIAF-ES.eaf"
Walking,528279,caminar,528279,VMG0000,528279,"What-CEIAF-ES.eaf"
IntentionalPsychologicalProcess,530553,located,530553,VMIP3P0,530553,"What-CEIAF-ES.eaf"
Seeing,537198,mirar,537198,VMIP3P0,537198,"What-CEIAF-ES.eaf"
Repairing,539350,reparar,539350,VMN0000,539350,"What-CEIAF-ES.eaf"
IntentionalProcess,557366,tratar,557366,VMIP3P0,557366,"What-CEIAF-ES.eaf"
Learning,557808,localizar,557808,VMN0000,557808,"What-CEIAF-ES.eaf"
IntentionalProcess,559576,proceder,559576,VMIP3S0,559576,"What-CEIAF-ES.eaf"
Communication,707526,negar,707526,VMIP3S0,707526,"What-CEIAF-ES.eaf"
Seeing,708578,mirar,708578,VMG0000,708578,"What-CEIAF-ES.eaf"
IntentionalProcess,711208,reaccionar,711208,VMIP3P0,711208,"What-CEIAF-ES.eaf"
BodyMotion,715387,abrir,715387,VMIP3S0,715387,"What-CEIAF-ES.eaf"
Expressing,716415,sonreír,716415,VMM02S0,716415,"What-CEIAF-ES.eaf"
Motion,738152,marchar,738152,VMIP3P0,738152,"What-CEIAF-ES.eaf"
Process,740568,mostrar,740568,VMIP3S0,740568,"What-CEIAF-ES.eaf"
Walking,745460,correr,745460,VMIP3S0,745460,"What-CEIAF-ES.eaf"
Motion,746620,dar_alcance,746620,VMN0000,746620,"What-CEIAF-ES.eaf"
Motion,751309,marchar,751309,VMIP3P0,751309,"What-CEIAF-ES.eaf"
Communication,758518,hablar,758518,VMIP3S0,758518,"What-CEIAF-ES.eaf"
Process,760282,tender,760282,VMIP3S0,760282,"What-CEIAF-ES.eaf"
Process,764778,tender,764778,VMN0000,764778,"What-CEIAF-ES.eaf"
possesses,765267,tener,765267,VMIP1S0,765267,"What-CEIAF-ES.eaf"
Process,765593,dar,765593,VMN0000,765593,"What-CEIAF-ES.eaf"
Hearing,774990,oír,774990,VMM02S0,774990,"What-CEIAF-ES.eaf"
TerminatingEmployment,775790,poder,775790,VMIP1S0,775790,"What-CEIAF-ES.eaf"
Communication,775990,hablar,775990,VMN0000,775990,"What-CEIAF-ES.eaf"
possesses,776390,tener,776390,VMIP1S0,776390,"What-CEIAF-ES.eaf"
capability,776790,dejar,776790,VMN0000,776790,"What-CEIAF-ES.eaf"
Process,784482,ocurrir,784482,VMIP3S0,784482,"What-CEIAF-ES.eaf"
Process,10579,hacer,10579,VMIP3S0,10579,"What-CineAccesibleNavarra-ES.eaf"
Walking,13092,pasear,13092,VMIP3S0,13092,"What-CineAccesibleNavarra-ES.eaf"
Motion,24432,detener,24432,VMIP3S0,24432,"What-CineAccesibleNavarra-ES.eaf"
Motion,27871,bajar,27871,VMIP3S0,27871,"What-CineAccesibleNavarra-ES.eaf"
Communication,29473,hablar,29473,VMIP3S0,29473,"What-CineAccesibleNavarra-ES.eaf"
Process,43790,abrir,43790,VMM02S0,43790,"What-CineAccesibleNavarra-ES.eaf"
Process,52920,colgar,52920,VMIP3S0,52920,"What-CineAccesibleNavarra-ES.eaf"
Putting Dressing,57090,poner,57090,VMIP3S0,57090,"What-CineAccesibleNavarra-ES.eaf"
Communication,69000,llamar,69000,VMIP3S0,69000,"What-CineAccesibleNavarra-ES.eaf"
Putting Dressing,95003,llevar,95003,VMIP3S0,95003,"What-CineAccesibleNavarra-ES.eaf"
BodyMotion,96298,tumbar,96298,VMIP3S0,96298,"What-CineAccesibleNavarra-ES.eaf"
BodyMotion,101082,llevar,101082,VMIP3S0,101082,"What-CineAccesibleNavarra-ES.eaf"
BodyMotion,112598,incorporar,112598,VMIP3S0,112598,"What-CineAccesibleNavarra-ES.eaf"
Communication,112994,contestar,112994,VMIP3S0,112994,"What-CineAccesibleNavarra-ES.eaf"
Seeing,142050,mirar,142050,VMM02S0,142050,"What-CineAccesibleNavarra-ES.eaf"
BodyMotion,158157,levantar,158157,VMIP3S0,158157,"What-CineAccesibleNavarra-ES.eaf"
Walking,159168,caminar,159168,VMIP3S0,159168,"What-CineAccesibleNavarra-ES.eaf"
possesses,163212,tener,163212,VMIP3S0,163212,"What-CineAccesibleNavarra-ES.eaf"
Seeing,179780,mirar,179780,VMM02S0,179780,"What-CineAccesibleNavarra-ES.eaf"
IntentionalProcess,181120,buscar,181120,VMG0000,181120,"What-CineAccesibleNavarra-ES.eaf"
Motion,187405,aproximar,187405,VMIP3S0,187405,"What-CineAccesibleNavarra-ES.eaf"
Motion,189030,girar,189030,VMIP3S0,189030,"What-CineAccesibleNavarra-ES.eaf"
Motion,190005,regresar,190005,VMIP3S0,190005,"What-CineAccesibleNavarra-ES.eaf"
Removing,191630,coger,191630,VMIP3S0,191630,"What-CineAccesibleNavarra-ES.eaf"
Process,192930,volver,192930,VMIP3S0,192930,"What-CineAccesibleNavarra-ES.eaf"
Putting Dressing,193580,vestir,193580,VMN0000,193580,"What-CineAccesibleNavarra-ES.eaf"
Walking,215110,caminar,215110,VMM02S0,215110,"What-CineAccesibleNavarra-ES.eaf"
Motion,222940,subir,222940,VMM02S0,222940,"What-CineAccesibleNavarra-ES.eaf"
Seeing,239560,mirar,239560,VMM02S0,239560,"What-CineAccesibleNavarra-ES.eaf"
Expressing,241258,esbozar,241258,VMIP3S0,241258,"What-CineAccesibleNavarra-ES.eaf"
Seeing,249124,mirar,249124,VMM02S0,249124,"What-CineAccesibleNavarra-ES.eaf"
Process,250088,abrir,250088,VMIP3S0,250088,"What-CineAccesibleNavarra-ES.eaf"
Covering,251293,cubrir,251293,VMIP3S0,251293,"What-CineAccesibleNavarra-ES.eaf"
Process,254096,dar,254096,VMIP3S0,254096,"What-CineAccesibleNavarra-ES.eaf"
possesses,286000,tener,286000,VMIP3S0,286000,"What-CineAccesibleNavarra-ES.eaf"
RadiatingLight,286207,lucir,286207,VMIP3S0,286207,"What-CineAccesibleNavarra-ES.eaf"
Putting Dressing,286598,vestir,286598,VMIP3S0,286598,"What-CineAccesibleNavarra-ES.eaf"
Touching,291000,sacar,291000,VMIP3S0,291000,"What-CineAccesibleNavarra-ES.eaf"
IntentionalProcess,292500,buscar,292500,VMIP3S0,292500,"What-CineAccesibleNavarra-ES.eaf"
Communication,295610,llamar,295610,VMIP3S0,295610,"What-CineAccesibleNavarra-ES.eaf"
BodyMotion,380530,alzar,380530,VMIP3S0,380530,"What-CineAccesibleNavarra-ES.eaf"
Communication,398160,colgar,398160,VMIP3S0,398160,"What-CineAccesibleNavarra-ES.eaf"
BodyMotion,399114,levantar,399114,VMIP3S0,399114,"What-CineAccesibleNavarra-ES.eaf"
Process,399750,dejar,399750,VMIP3S0,399750,"What-CineAccesibleNavarra-ES.eaf"
Process,401976,comenzar,401976,VMIP3S0,401976,"What-CineAccesibleNavarra-ES.eaf"
Walking,402612,caminar,402612,VMN0000,402612,"What-CineAccesibleNavarra-ES.eaf"
VisualAttribute,411435,lucir,411435,VMIP3S0,411435,"What-CineAccesibleNavarra-ES.eaf"
Investigating,422920,rebuscar,422920,VMIP3S0,422920,"What-CineAccesibleNavarra-ES.eaf"
Communication,428050,contestar,428050,VMIP3S0,428050,"What-CineAccesibleNavarra-ES.eaf"
Communication,494570,colgar,494570,VMIP3S0,494570,"What-CineAccesibleNavarra-ES.eaf"
Seeing,495126,mirar,495126,VMIP3S0,495126,"What-CineAccesibleNavarra-ES.eaf"
BodyMotion,507126,levantar,507126,VMIP3S0,507126,"What-CineAccesibleNavarra-ES.eaf"
Motion,510624,salir,510624,VMIP3S0,510624,"What-CineAccesibleNavarra-ES.eaf"
Walking,512034,caminar,512034,VMIP3S0,512034,"What-CineAccesibleNavarra-ES.eaf"
Motion,512880,subir,512880,VMG0000,512880,"What-CineAccesibleNavarra-ES.eaf"
Motion,521050,llegar,521050,VMIP3S0,521050,"What-CineAccesibleNavarra-ES.eaf"
Seeing,532256,mirar,532256,VMIP3P0,532256,"What-CineAccesibleNavarra-ES.eaf"
Seeing,557932,mirar,557932,VMG0000,557932,"What-CineAccesibleNavarra-ES.eaf"
Seeing,708235,mirar,708235,VMIP3P0,708235,"What-CineAccesibleNavarra-ES.eaf"
Communication,709127,negar,709127,VMG0000,709127,"What-CineAccesibleNavarra-ES.eaf"
Motion,737731,seguir,737731,VMIP3S0,737731,"What-CineAccesibleNavarra-ES.eaf"
Expressing,740056,sonreír,740056,VMIP3S0,740056,"What-CineAccesibleNavarra-ES.eaf"
Motion,741916,ir,741916,VMIP3S0,741916,"What-CineAccesibleNavarra-ES.eaf"
Walking,747740,caminar,747740,VMG0000,747740,"What-CineAccesibleNavarra-ES.eaf"
Motion,748478,alejar,748478,VMIP3P0,748478,"What-CineAccesibleNavarra-ES.eaf"
Process,759002,tender,759002,VMIP3S0,759002,"What-CineAccesibleNavarra-ES.eaf"
Communication,760114,hablar,760114,VMIP3S0,760114,"What-CineAccesibleNavarra-ES.eaf"
Process,763841,tender,763841,VMN0000,763841,"What-CineAccesibleNavarra-ES.eaf"
Process,764656,dar,764656,VMN0000,764656,"What-CineAccesibleNavarra-ES.eaf"
Hearing,775439,oír,775439,VMM02S0,775439,"What-CineAccesibleNavarra-ES.eaf"
TerminatingEmployment,775995,poder,775995,VMIP1S0,775995,"What-CineAccesibleNavarra-ES.eaf"
Communication,776134,hablar,776134,VMN0000,776134,"What-CineAccesibleNavarra-ES.eaf"
possesses,776412,tener,776412,VMIP1S0,776412,"What-CineAccesibleNavarra-ES.eaf"
Motion,776690,dejar,776690,VMN0000,776690,"What-CineAccesibleNavarra-ES.eaf"
Freezing,785738,congelar,785738,VMIP3S0,785738,"What-CineAccesibleNavarra-ES.eaf"
Process,788361,pasar,788361,VMIP3S0,788361,"What-CineAccesibleNavarra-ES.eaf"
null,3550,amanecer,3550,VMIP3S0,3550,"What-EdSol-ES.eaf"
Motion,6828,hacer,6828,VMIP3S0,6828,"What-EdSol-ES.eaf"
Walking,8318,pasear,8318,VMIP3S0,8318,"What-EdSol-ES.eaf"
Putting,26605,aparcar,26605,VMIP3S0,26605,"What-EdSol-ES.eaf"
Communication,28544,hablar,28544,VMIP3S0,28544,"What-EdSol-ES.eaf"
Removing,43390,cambiar,43390,VMIP3S0,43390,"What-EdSol-ES.eaf"
Process,52650,colgar,52650,VMIP3S0,52650,"What-EdSol-ES.eaf"
Touching,56490,sacar,56490,VMIP3S0,56490,"What-EdSol-ES.eaf"
Putting Dressing,59940,poner,59940,VMIP3S0,59940,"What-EdSol-ES.eaf"
IntentionalProcess,60170,tratar,60170,VMIP3S0,60170,"What-EdSol-ES.eaf"
EmotionalState,60630,serenar,60630,VMN0000,60630,"What-EdSol-ES.eaf"
Walking,67380,caminar,67380,VMM02S0,67380,"What-EdSol-ES.eaf"
Communication,70200,hablar,70200,VMIP3S0,70200,"What-EdSol-ES.eaf"
BodyMotion,95600,tumbar,95600,VMIP3S0,95600,"What-EdSol-ES.eaf"
IntentionalProcess,96800,tratar,96800,VMIP3S0,96800,"What-EdSol-ES.eaf"
BodyMotion,97280,relajar,97280,VMN0000,97280,"What-EdSol-ES.eaf"
BodyMotion,113250,incorporar,113250,VMIP3S0,113250,"What-EdSol-ES.eaf"
Communication,115000,atender,115000,VMN0000,115000,"What-EdSol-ES.eaf"
DirectionChange,129820,girar,129820,VMM02S0,129820,"What-EdSol-ES.eaf"
Hearing,130910,oír,130910,VMN0000,130910,"What-EdSol-ES.eaf"
IntentionalProcess,141390,tratar,141390,VMIP3S0,141390,"What-EdSol-ES.eaf"
Learning,141850,localizar,141850,VMN0000,141850,"What-EdSol-ES.eaf"
IntentionalPsychologicalProcess,143920,perturbar,143920,VMIP3S0,143920,"What-EdSol-ES.eaf"
BodyMotion,161974,poner,161974,VMIP3S0,161974,"What-EdSol-ES.eaf"
Walking,163070,caminar,163070,VMM02S0,163070,"What-EdSol-ES.eaf"
IntentionalProcess,164166,intentar,164166,VMG0000,164166,"What-EdSol-ES.eaf"
Learning,164440,localizar,164440,VMN0000,164440,"What-EdSol-ES.eaf"
SubjectiveAssessmentAttribute,207634,parecer,207634,VMIP3S0,207634,"What-EdSol-ES.eaf"
Manufacture,208351,producir,208351,VMIP3S0,208351,"What-EdSol-ES.eaf"
IntentionalPsychologicalProcess,209307,decidir,209307,VMIP3S0,209307,"What-EdSol-ES.eaf"
Putting Dressing,209546,vestir,209546,VMN0000,209546,"What-EdSol-ES.eaf"
Motion,210263,llegar,210263,VMN0000,210263,"What-EdSol-ES.eaf"
Motion,223081,ir,223081,VMIP3S0,223081,"What-EdSol-ES.eaf"
Motion,223318,seguir,223318,VMG0000,223318,"What-EdSol-ES.eaf"
Motion,225214,dirigir,225214,VMIP3S0,225214,"What-EdSol-ES.eaf"
Touching,241559,sujetar,241559,VMIP3S0,241559,"What-EdSol-ES.eaf"
Process,252380,destapar,252380,VMIP3S0,252380,"What-EdSol-ES.eaf"
Process,254137,dar,254137,VMIP3S0,254137,"What-EdSol-ES.eaf"
Drinking,270135,beber,270135,VMG0000,270135,"What-EdSol-ES.eaf"
BodyMotion,273555,mover,273555,VMIP3S0,273555,"What-EdSol-ES.eaf"
Process,275835,mostrar,275835,VMG0000,275835,"What-EdSol-ES.eaf"
Process,279190,posar,279190,VMIP3S0,279190,"What-EdSol-ES.eaf"
Touching,285890,sacar,285890,VMIP3S0,285890,"What-EdSol-ES.eaf"
IntentionalProcess,289800,buscar,289800,VMIP3S0,289800,"What-EdSol-ES.eaf"
Process,296406,hacer,296406,VMIP3S0,296406,"What-EdSol-ES.eaf"
DirectionChange,329130,girar,329130,VMM02S0,329130,"What-EdSol-ES.eaf"
Hearing,330215,oír,330215,VMN0000,330215,"What-EdSol-ES.eaf"
IntentionalProcess,380000,intentar,380000,VMIP3S0,380000,"What-EdSol-ES.eaf"
Learning,380333,localizar,380333,VMN0000,380333,"What-EdSol-ES.eaf"
BodyMotion,398440,poner,398440,VMIP3S0,398440,"What-EdSol-ES.eaf"
Walking,399400,caminar,399400,VMM02S0,399400,"What-EdSol-ES.eaf"
Learning,399880,localizar,399880,VMN0000,399880,"What-EdSol-ES.eaf"
IntentionalProcess,422880,buscar,422880,VMM02S0,422880,"What-EdSol-ES.eaf"
DirectionChange,481900,girar,481900,VMM02S0,481900,"What-EdSol-ES.eaf"
Learning,482844,localizar,482844,VMN0000,482844,"What-EdSol-ES.eaf"
Seeing,496210,mirar,496210,VMM02S0,496210,"What-EdSol-ES.eaf"
BodyMotion,509737,poner,509737,VMIP3S0,509737,"What-EdSol-ES.eaf"
Motion,510725,salir,510725,VMIP3S0,510725,"What-EdSol-ES.eaf"
Motion,517427,internar,517427,VMIP3S0,517427,"What-EdSol-ES.eaf"
Motion,518412,avanzar,518412,VMIP3S0,518412,"What-EdSol-ES.eaf"
Walking,535126,andar,535126,VMG0000,535126,"What-EdSol-ES.eaf"
Seeing,557174,mirar,557174,VMIP3P0,557174,"What-EdSol-ES.eaf"
IntentionalProcess,558302,intentar,558302,VMG0000,558302,"What-EdSol-ES.eaf"
Learning,558584,localizar,558584,VMN0000,558584,"What-EdSol-ES.eaf"
Communication,559430,hablar,559430,VMIP3S0,559430,"What-EdSol-ES.eaf"
Seeing,707754,mirar,707754,VMIP3P0,707754,"What-EdSol-ES.eaf"
Process,737264,comenzar,737264,VMIP3P0,737264,"What-EdSol-ES.eaf"
Walking,737700,andar,737700,VMN0000,737700,"What-EdSol-ES.eaf"
IntentionalPsychologicalProcess,741559,dudar,741559,VMIP3S0,741559,"What-EdSol-ES.eaf"
Expressing,743004,sonreír,743004,VMIP3S0,743004,"What-EdSol-ES.eaf"
IntentionalPsychologicalProcess,743871,unir,743871,VMIP3S0,743871,"What-EdSol-ES.eaf"
Walking,750085,caminar,750085,VMIP3P0,750085,"What-EdSol-ES.eaf"
Communication,759460,hablar,759460,VMIP3S0,759460,"What-EdSol-ES.eaf"
Process,760585,tender,760585,VMIP3S0,760585,"What-EdSol-ES.eaf"
Process,763510,tender,763510,VMN0000,763510,"What-EdSol-ES.eaf"
possesses,764185,tener,764185,VMIP1S0,764185,"What-EdSol-ES.eaf"
Process,764635,dar,764635,VMN0000,764635,"What-EdSol-ES.eaf"
DirectionChange,765535,girar,765535,VMM02S0,765535,"What-EdSol-ES.eaf"
TerminatingEmployment,780500,poder,780500,VMIP1S0,780500,"What-EdSol-ES.eaf"
Communication,783550,hablar,783550,VMN0000,783550,"What-EdSol-ES.eaf"
possesses,784536,tener,784536,VMIP1S0,784536,"What-EdSol-ES.eaf"
Walking,4602,caminar,4602,VMIP3S0,4602,"What-Ericsson-ES.eaf"
Motion,7412,cruzar,7412,VMIP3P0,7412,"What-Ericsson-ES.eaf"
Motion,8817,hacer,8817,VMIP3S0,8817,"What-Ericsson-ES.eaf"
Putting Dressing,9941,vestir,9941,VMIP3P0,9941,"What-Ericsson-ES.eaf"
Motion,23155,detener,23155,VMIP3S0,23155,"What-Ericsson-ES.eaf"
Gesture,28996,gesticular,28996,VMIP3S0,28996,"What-Ericsson-ES.eaf"
Communication,29283,hablar,29283,VMG0000,29283,"What-Ericsson-ES.eaf"
Touching,53443,sacar,53443,VMN0000,53443,"What-Ericsson-ES.eaf"
Seeing,55144,echar,55144,VMIP3S0,55144,"What-Ericsson-ES.eaf"
Putting Dressing,57088,colocar,57088,VMIP3S0,57088,"What-Ericsson-ES.eaf"
Putting Dressing,58546,vestir,58546,VMIP3S0,58546,"What-Ericsson-ES.eaf"
Putting Dressing,60247,llevar,60247,VMIP3S0,60247,"What-Ericsson-ES.eaf"
Walking,67874,caminar,67874,VMM02S0,67874,"What-Ericsson-ES.eaf"
Process,70704,hacer,70704,VMIP3S0,70704,"What-Ericsson-ES.eaf"
capability,94992,dejar,94992,VMIP3S0,94992,"What-Ericsson-ES.eaf"
Motion,95290,caer,95290,VMN0000,95290,"What-Ericsson-ES.eaf"
VisualAttribute,102020,lucir,102020,VMIP3S0,102020,"What-Ericsson-ES.eaf"
Process,103370,empezar,103370,VMIP3S0,103370,"What-Ericsson-ES.eaf"
Process,103910,poblar,103910,VMN0000,103910,"What-Ericsson-ES.eaf"
Putting,105260,extender,105260,VMIP3S0,105260,"What-Ericsson-ES.eaf"
Touching,106340,acariciar,106340,VMIP3S0,106340,"What-Ericsson-ES.eaf"
BodyMotion,113540,incorporar,113540,VMIP3S0,113540,"What-Ericsson-ES.eaf"
Seeing,141960,mirar,141960,VMM02S0,141960,"What-Ericsson-ES.eaf"
BodyMotion,159891,incorporar,159891,VMIP3S0,159891,"What-Ericsson-ES.eaf"
Motion,160734,alejar,160734,VMIP3S0,160734,"What-Ericsson-ES.eaf"
Investigating,161577,examinar,161577,VMG0000,161577,"What-Ericsson-ES.eaf"
Putting Dressing,167000,vestir,167000,VMIP3S0,167000,"What-Ericsson-ES.eaf"
IntentionalPsychologicalProcess,180316,decidir,180316,VMIP3S0,180316,"What-Ericsson-ES.eaf"
Motion,180684,volver,180684,VMN0000,180684,"What-Ericsson-ES.eaf"
Motion,187229,detener,187229,VMIP3S0,187229,"What-Ericsson-ES.eaf"
Process,187667,volver,187667,VMIP3S0,187667,"What-Ericsson-ES.eaf"
Seeing,188105,mirar,188105,VMN0000,188105,"What-Ericsson-ES.eaf"
Motion,197066,dirigir,197066,VMIP3S0,197066,"What-Ericsson-ES.eaf"
IntentionalProcess,206930,recoger,206930,VMIP3S0,206930,"What-Ericsson-ES.eaf"
Putting Dressing,208901,poner,208901,VMIP3S0,208901,"What-Ericsson-ES.eaf"
capability,209339,dejar,209339,VMN0000,209339,"What-Ericsson-ES.eaf"
Seeing,209777,escudriñar,209777,VMN0000,209777,"What-Ericsson-ES.eaf"
Walking,219609,caminar,219609,VMIP3S0,219609,"What-Ericsson-ES.eaf"
Motion,227636,subir,227636,VMM02S0,227636,"What-Ericsson-ES.eaf"
EmotionalState,240862,agitar_se,240862,VMIP3S0,240862,"What-Ericsson-ES.eaf"
Expressing,241705,sonreír,241705,VMIP3S0,241705,"What-Ericsson-ES.eaf"
BodyMotion,242267,alzar,242267,VMG0000,242267,"What-Ericsson-ES.eaf"
Communication,248480,negar,248480,VMM02S0,248480,"What-Ericsson-ES.eaf"
Process,249590,juguetear,249590,VMIP3S0,249590,"What-Ericsson-ES.eaf"
Seeing,253300,echar_un_vistazo,253300,VMM02S0,253300,"What-Ericsson-ES.eaf"
Process,256039,tomar,256039,VMIP3S0,256039,"What-Ericsson-ES.eaf"
possesses,257035,tener,257035,VMIP3S0,257035,"What-Ericsson-ES.eaf"
Putting Dressing,260023,vestir,260023,VMIP3S0,260023,"What-Ericsson-ES.eaf"
located,270814,haber,270814,VMIP3S0,270814,"What-Ericsson-ES.eaf"
BodyMotion,273307,agitar,273307,VMIP3S0,273307,"What-Ericsson-ES.eaf"
EndFn,274415,parar,274415,VMN0000,274415,"What-Ericsson-ES.eaf"
Process,278000,soltar,278000,VMIP3S0,278000,"What-Ericsson-ES.eaf"
BodyMotion,278968,dar,278968,VMIP3S0,278968,"What-Ericsson-ES.eaf"
capability,279694,dejar,279694,VMG0000,279694,"What-Ericsson-ES.eaf"
Motion,280178,caer,280178,VMN0000,280178,"What-Ericsson-ES.eaf"
Touching,286060,sacar,286060,VMIP3S0,286060,"What-Ericsson-ES.eaf"
Process,288220,abrir,288220,VMIP3S0,288220,"What-Ericsson-ES.eaf"
Process,288760,revisar,288760,VMIP3S0,288760,"What-Ericsson-ES.eaf"
Motion,294196,detener,294196,VMIP3S0,294196,"What-Ericsson-ES.eaf"
Touching,295500,pulsar,295500,VMIP3S0,295500,"What-Ericsson-ES.eaf"
BodyMotion,380140,alzar,380140,VMIP3S0,380140,"What-Ericsson-ES.eaf"
Motion,398271,alejar,398271,VMIP3S0,398271,"What-Ericsson-ES.eaf"
capability,399084,dejar,399084,VMN0000,399084,"What-Ericsson-ES.eaf"
IntentionalProcess,399626,buscar,399626,VMN0000,399626,"What-Ericsson-ES.eaf"
IntentionalProcess,411380,tratar,411380,VMIP3S0,411380,"What-Ericsson-ES.eaf"
SubjectiveAssessmentAttribute,411970,concentrar,411970,VMN0000,411970,"What-Ericsson-ES.eaf"
Investigating,422610,rebuscar,422610,VMIP3S0,422610,"What-Ericsson-ES.eaf"
IntentionalProcess,426792,encontrar,426792,VMIP3S0,426792,"What-Ericsson-ES.eaf"
Removing,495174,remover,495174,VMII3S0,495174,"What-Ericsson-ES.eaf"
Motion,497118,detener,497118,VMIP3S0,497118,"What-Ericsson-ES.eaf"
Seeing,497550,mirar,497550,VMIP3S0,497550,"What-Ericsson-ES.eaf"
BodyMotion,511192,levantar,511192,VMIP3S0,511192,"What-Ericsson-ES.eaf"
Motion,511680,salir,511680,VMIP3S0,511680,"What-Ericsson-ES.eaf"
Putting Dressing,515540,llevar,515540,VMIP3S0,515540,"What-Ericsson-ES.eaf"
Walking,518190,caminar,518190,VMIP3S0,518190,"What-Ericsson-ES.eaf"
Motion,519250,adentrar,519250,VMIP3S0,519250,"What-Ericsson-ES.eaf"
Motion,529292,llegar,529292,VMIP3S0,529292,"What-Ericsson-ES.eaf"
Seeing,535510,mirar,535510,VMG0000,535510,"What-Ericsson-ES.eaf"
Motion,540874,dirigir,540874,VMIP3S0,540874,"What-Ericsson-ES.eaf"
IntentionalProcess,556732,tratar,556732,VMIP3P0,556732,"What-Ericsson-ES.eaf"
Learning,557334,localizar,557334,VMN0000,557334,"What-Ericsson-ES.eaf"
Seeing,707808,mirar,707808,VMIP3P0,707808,"What-Ericsson-ES.eaf"
Communication,708324,negar,708324,VMIP3P0,708324,"What-Ericsson-ES.eaf"
Walking,745360,correr,745360,VMIP3S0,745360,"What-Ericsson-ES.eaf"
IntentionalProcess,748850,echar,748850,VMIP3S0,748850,"What-Ericsson-ES.eaf"
Motion,751710,alejar,751710,VMIP3P0,751710,"What-Ericsson-ES.eaf"
Process,756365,tender,756365,VMIP3S0,756365,"What-Ericsson-ES.eaf"
Communication,757265,hablar,757265,VMIP3S0,757265,"What-Ericsson-ES.eaf"
Communication,758390,decir,758390,VMIP3S0,758390,"What-Ericsson-ES.eaf"
possesses,758840,tener,758840,VMIP3S0,758840,"What-Ericsson-ES.eaf"
Process,759290,dar,759290,VMN0000,759290,"What-Ericsson-ES.eaf"
Communication,771166,decir,771166,VMIP3S0,771166,"What-Ericsson-ES.eaf"
TerminatingEmployment,771415,poder,771415,VMIP3S0,771415,"What-Ericsson-ES.eaf"
Communication,771498,hablar,771498,VMN0000,771498,"What-Ericsson-ES.eaf"
Communication,771664,cortar,771664,VMIP3S0,771664,"What-Ericsson-ES.eaf"
null,784333,happens,784333,VMIP1P0,784333,"What-Ericsson-ES.eaf"
null,2311,amanecer,2311,VMIP3S0,2311,"What-K-Gala-ES.eaf"
Walking,7029,pasear,7029,VMIP3S0,7029,"What-K-Gala-ES.eaf"
Motion,9388,hacer_footing,9388,VMIP3S0,9388,"What-K-Gala-ES.eaf"
Process,24380,aparcar,24380,VMIP3S0,24380,"What-K-Gala-ES.eaf"
Motion,26330,salir,26330,VMIP3S0,26330,"What-K-Gala-ES.eaf"
Communication,26655,hablar,26655,VMG0000,26655,"What-K-Gala-ES.eaf"
Communication,52580,colgar,52580,VMIP3S0,52580,"What-K-Gala-ES.eaf"
possesses,53072,guardar,53072,VMIS3S0,53072,"What-K-Gala-ES.eaf"
Touching,54056,sacar,54056,VMIS3S0,54056,"What-K-Gala-ES.eaf"
Seeing,56270,mirar,56270,VMM02S0,56270,"What-K-Gala-ES.eaf"
Breathing,57254,suspirar,57254,VMIP3S0,57254,"What-K-Gala-ES.eaf"
Putting Dressing,57992,poner,57992,VMIP3S0,57992,"What-K-Gala-ES.eaf"
Walking,67940,caminar,67940,VMM02S0,67940,"What-K-Gala-ES.eaf"
Communication,68852,llamar,68852,VMG0000,68852,"What-K-Gala-ES.eaf"
BodyMotion,93750,tumbar,93750,VMIP3S0,93750,"What-K-Gala-ES.eaf"
Touching,102106,frotar,102106,VMIP3S0,102106,"What-K-Gala-ES.eaf"
Putting,103090,extender,103090,VMIP3S0,103090,"What-K-Gala-ES.eaf"
Seeing,141650,mirar,141650,VMM02S0,141650,"What-K-Gala-ES.eaf"
Communication,157720,colgar,157720,VMIP3S0,157720,"What-K-Gala-ES.eaf"
BodyMotion,158515,levantar,158515,VMIP3S0,158515,"What-K-Gala-ES.eaf"
Walking,160105,caminar,160105,VMM02S0,160105,"What-K-Gala-ES.eaf"
Seeing,161960,mirar,161960,VMG0000,161960,"What-K-Gala-ES.eaf"
Putting Dressing,169330,llevar,169330,VMIP3S0,169330,"What-K-Gala-ES.eaf"
IntentionalProcess,171586,andar,171586,VMIP3S0,171586,"What-K-Gala-ES.eaf"
Process,211110,comenzar,211110,VMIP3S0,211110,"What-K-Gala-ES.eaf"
Putting Dressing,211578,vestir,211578,VMN0000,211578,"What-K-Gala-ES.eaf"
Walking,222344,caminar,222344,VMIP3S0,222344,"What-K-Gala-ES.eaf"
Motion,227120,subir,227120,VMM02S0,227120,"What-K-Gala-ES.eaf"
Process,240752,tamborilear,240752,VMIP3S0,240752,"What-K-Gala-ES.eaf"
Process,250320,quitar,250320,VMIP3S0,250320,"What-K-Gala-ES.eaf"
Drinking,251930,beber,251930,VMIP3S0,251930,"What-K-Gala-ES.eaf"
Breathing,259700,suspirar,259700,VMIP3S0,259700,"What-K-Gala-ES.eaf"
BodyMotion,273582,mover,273582,VMM02S0,273582,"What-K-Gala-ES.eaf"
Drinking,274962,beber,274962,VMIP3S0,274962,"What-K-Gala-ES.eaf"
Process,278660,dejar,278660,VMIP3S0,278660,"What-K-Gala-ES.eaf"
Touching,280700,sacar,280700,VMIP3S0,280700,"What-K-Gala-ES.eaf"
Inquiring,281720,buscar,281720,VMIP3S0,281720,"What-K-Gala-ES.eaf"
Communication,295460,llamar,295460,VMIP3S0,295460,"What-K-Gala-ES.eaf"
Seeing,330030,mirar,330030,VMM02S0,330030,"What-K-Gala-ES.eaf"
Seeing,380936,mirar,380936,VMM02S0,380936,"What-K-Gala-ES.eaf"
Communication,399170,colgar,399170,VMIP3S0,399170,"What-K-Gala-ES.eaf"
Motion,399752,alejar,399752,VMIP3S0,399752,"What-K-Gala-ES.eaf"
Seeing,399946,mirar,399946,VMG0000,399946,"What-K-Gala-ES.eaf"
Reasoning,414115,estudiar,414115,VMIP3S0,414115,"What-K-Gala-ES.eaf"
IntentionalProcess,423240,buscar,423240,VMM02S0,423240,"What-K-Gala-ES.eaf"
Communication,428430,descolgar,428430,VMIP3S0,428430,"What-K-Gala-ES.eaf"
Seeing,494696,mirar,494696,VMIP3S0,494696,"What-K-Gala-ES.eaf"
BodyMotion,509950,levantar,509950,VMIP3S0,509950,"What-K-Gala-ES.eaf"
Walking,510850,andar,510850,VMIP3S0,510850,"What-K-Gala-ES.eaf"
Motion,517790,subir,517790,VMM02S0,517790,"What-K-Gala-ES.eaf"
Motion,525260,parar,525260,VMIP3S0,525260,"What-K-Gala-ES.eaf"
Seeing,525860,mirar,525860,VMIP3S0,525860,"What-K-Gala-ES.eaf"
Motion,527360,continuar,527360,VMIP3S0,527360,"What-K-Gala-ES.eaf"
Motion,530900,llegar,530900,VMIP3S0,530900,"What-K-Gala-ES.eaf"
Motion,534638,acercar,534638,VMIP3S0,534638,"What-K-Gala-ES.eaf"
Seeing,536240,mirar,536240,VMIP3P0,536240,"What-K-Gala-ES.eaf"
Seeing,556933,mirar,556933,VMIP3P0,556933,"What-K-Gala-ES.eaf"
BodyMotion,595112,encojer_de_hombros,595112,VMIS1S0,595112,"What-K-Gala-ES.eaf"
Seeing,708057,mirar,708057,VMIP3P0,708057,"What-K-Gala-ES.eaf"
Communication,709242,negar,709242,VMIP3P0,709242,"What-K-Gala-ES.eaf"
Motion,737212,ir,737212,VMIP3S0,737212,"What-K-Gala-ES.eaf"
Motion,738556,seguir,738556,VMIP3S0,738556,"What-K-Gala-ES.eaf"
exists,739564,quedar,739564,VMIP3S0,739564,"What-K-Gala-ES.eaf"
IntentionalPsychologicalProcess,745414,unir,745414,VMIP3S0,745414,"What-K-Gala-ES.eaf"
Process,746390,pasar,746390,VMIP3S0,746390,"What-K-Gala-ES.eaf"
Putting,748586,extender,748586,VMIP3S0,748586,"What-K-Gala-ES.eaf"
Walking,750050,caminar,750050,VMIP3P0,750050,"What-K-Gala-ES.eaf"
Process,755002,fundir,755002,VMIP3S0,755002,"What-K-Gala-ES.eaf"
Process,756829,tender,756829,VMIP3S0,756829,"What-K-Gala-ES.eaf"
Communication,758395,hablar,758395,VMIP3S0,758395,"What-K-Gala-ES.eaf"
PsychologicalAttribute,764118,tender,764118,VMN0000,764118,"What-K-Gala-ES.eaf"
possesses,764697,tener,764697,VMIP1S0,764697,"What-K-Gala-ES.eaf"
Process,765083,dar,765083,VMN0000,765083,"What-K-Gala-ES.eaf"
Seeing,773834,mirar,773834,VMM02S0,773834,"What-K-Gala-ES.eaf"
Hearing,775652,oír,775652,VMM02S0,775652,"What-K-Gala-ES.eaf"
TerminatingEmployment,776864,poder,776864,VMIP1S0,776864,"What-K-Gala-ES.eaf"
Communication,777167,hablar,777167,VMN0000,777167,"What-K-Gala-ES.eaf"
possesses,777773,tener,777773,VMIP1S0,777773,"What-K-Gala-ES.eaf"
Motion,778379,dejar,778379,VMN0000,778379,"What-K-Gala-ES.eaf"
Process,782015,fundir,782015,VMIP3S0,782015,"What-K-Gala-ES.eaf"
Process,785045,pasar,785045,VMIP3S0,785045,"What-K-Gala-ES.eaf"
Walking,5530,pasear,5530,VMIP3S0,5530,"What-SDI-Media-ES.eaf"
Motion,8170,pasar,8170,VMIP3S0,8170,"What-SDI-Media-ES.eaf"
Motion,8890,hacer_footing,8890,VMG0000,8890,"What-SDI-Media-ES.eaf"
Motion,11200,para,11200,VMSP1S0,11200,"What-SDI-Media-ES.eaf"
Smelling,11600,olisquear,11600,VMN0000,11600,"What-SDI-Media-ES.eaf"
Repairing,14044,atender,14044,VMIP3S0,14044,"What-SDI-Media-ES.eaf"
Motion,15700,proseguir,15700,VMIP3S0,15700,"What-SDI-Media-ES.eaf"
Motion,23981,circular,23981,VMIP3S0,23981,"What-SDI-Media-ES.eaf"
Process,26197,aparcar,26197,VMIP3S0,26197,"What-SDI-Media-ES.eaf"
Communication,26751,hablar,26751,VMIP3S0,26751,"What-SDI-Media-ES.eaf"
Removing,28413,quitar,28413,VMIP3S0,28413,"What-SDI-Media-ES.eaf"
Process,29521,abrir,29521,VMM02S0,29521,"What-SDI-Media-ES.eaf"
IntentionalProcess,52822,tratar,52822,VMIP3S0,52822,"What-SDI-Media-ES.eaf"
Putting Dressing,56070,vestir,56070,VMIP3S0,56070,"What-SDI-Media-ES.eaf"
Communication,57694,colgar,57694,VMIP3S0,57694,"What-SDI-Media-ES.eaf"
Seeing,58622,mirar,58622,VMM02S0,58622,"What-SDI-Media-ES.eaf"
Touching,59782,sacar,59782,VMIP3S0,59782,"What-SDI-Media-ES.eaf"
Putting Dressing,62334,poner,62334,VMIP3S0,62334,"What-SDI-Media-ES.eaf"
Walking,68231,caminar,68231,VMIP3S0,68231,"What-SDI-Media-ES.eaf"
Process,70341,marcar,70341,VMIP3S0,70341,"What-SDI-Media-ES.eaf"
BodyMotion,95046,tumbar,95046,VMIP3S0,95046,"What-SDI-Media-ES.eaf"
possesses,100150,tener,100150,VMIP3S0,100150,"What-SDI-Media-ES.eaf"
BodyMotion,102690,pasar,102690,VMIP3S0,102690,"What-SDI-Media-ES.eaf"
Putting,104468,extender,104468,VMIP3S0,104468,"What-SDI-Media-ES.eaf"
capability,105230,dejar,105230,VMG0000,105230,"What-SDI-Media-ES.eaf"
BodyMotion,105738,caer,105738,VMN0000,105738,"What-SDI-Media-ES.eaf"
Motion,107008,revolver,107008,VMIP3S0,107008,"What-SDI-Media-ES.eaf"
Expressing,141820,fruncir,141820,VMIP3S0,141820,"What-SDI-Media-ES.eaf"
Seeing,142788,mirar,142788,VMM02S0,142788,"What-SDI-Media-ES.eaf"
Process,157820,soltar,157820,VMIP3S0,157820,"What-SDI-Media-ES.eaf"
BodyMotion,158760,ponerse_en_pie,158760,VMIP3S0,158760,"What-SDI-Media-ES.eaf"
Walking,163420,caminar,163420,VMM02S0,163420,"What-SDI-Media-ES.eaf"
Motion,170620,dar_pasos,170620,VMIP3S0,170620,"What-SDI-Media-ES.eaf"
Seeing,172045,mirar,172045,VMG0000,172045,"What-SDI-Media-ES.eaf"
IntentionalProcess,174325,buscar,174325,VMSI3S0,174325,"What-SDI-Media-ES.eaf"
exists,178330,quedar,178330,VMIP3S0,178330,"What-SDI-Media-ES.eaf"
Motion,179560,volver,179560,VMIP3S0,179560,"What-SDI-Media-ES.eaf"
Motion,184687,parar,184687,VMIP3S0,184687,"What-SDI-Media-ES.eaf"
Motion,185361,dar,185361,VMIP3S0,185361,"What-SDI-Media-ES.eaf"
Motion,187046,retomar,187046,VMIP3S0,187046,"What-SDI-Media-ES.eaf"
SurfaceChange,188057,dibujar,188057,VMG0000,188057,"What-SDI-Media-ES.eaf"
Motion,198778,volver,198778,VMIP3S0,198778,"What-SDI-Media-ES.eaf"
Seeing,199890,mirar,199890,VMG0000,199890,"What-SDI-Media-ES.eaf"
Removing,209079,coger,209079,VMM02S0,209079,"What-SDI-Media-ES.eaf"
Putting Dressing,210333,poner,210333,VMIP3S0,210333,"What-SDI-Media-ES.eaf"
BodyMotion,210751,relajar,210751,VMN0000,210751,"What-SDI-Media-ES.eaf"
Putting Dressing,221794,llevar,221794,VMIP3S0,221794,"What-SDI-Media-ES.eaf"
Walking,224866,caminar,224866,VMM02S0,224866,"What-SDI-Media-ES.eaf"
Motion,227580,llegar,227580,VMIP3S0,227580,"What-SDI-Media-ES.eaf"
Process,230000,comenzar,230000,VMIP3S0,230000,"What-SDI-Media-ES.eaf"
Motion,230484,subir,230484,VMN0000,230484,"What-SDI-Media-ES.eaf"
Touching,235270,sostener,235270,VMIP3S0,235270,"What-SDI-Media-ES.eaf"
IntentionalProcess,238265,tratar,238265,VMIP3S0,238265,"What-SDI-Media-ES.eaf"
Putting Dressing,242495,vestir,242495,VMIP3S0,242495,"What-SDI-Media-ES.eaf"
Putting Dressing,243670,llevar,243670,VMIP3S0,243670,"What-SDI-Media-ES.eaf"
Touching,248100,toquetear,248100,VMIP3S0,248100,"What-SDI-Media-ES.eaf"
Process,253095,abrir,253095,VMIP3S0,253095,"What-SDI-Media-ES.eaf"
Seeing,258184,observar,258184,VMIP3S0,258184,"What-SDI-Media-ES.eaf"
Drinking,258852,beber,258852,VMIP3S0,258852,"What-SDI-Media-ES.eaf"
Seeing,260590,mirar,260590,VMM02S0,260590,"What-SDI-Media-ES.eaf"
Drinking,271763,beber,271763,VMIP3S0,271763,"What-SDI-Media-ES.eaf"
BodyMotion,273604,mover,273604,VMIP3S0,273604,"What-SDI-Media-ES.eaf"
Process,278890,dejar,278890,VMIP3S0,278890,"What-SDI-Media-ES.eaf"
BodyMotion,280990,recostar,280990,VMIP3S0,280990,"What-SDI-Media-ES.eaf"
Touching,285530,sacar,285530,VMIP3S0,285530,"What-SDI-Media-ES.eaf"
Seeing,380470,mirar,380470,VMM02S0,380470,"What-SDI-Media-ES.eaf"
Expressing,398853,sonreír,398853,VMIP3S0,398853,"What-SDI-Media-ES.eaf"
BodyMotion,399968,ponerse_en_pie,399968,VMIP3S0,399968,"What-SDI-Media-ES.eaf"
Motion,401083,alejar,401083,VMIP3S0,401083,"What-SDI-Media-ES.eaf"
capability,401975,dejar,401975,VMG0000,401975,"What-SDI-Media-ES.eaf"
Motion,404940,abandonar,404940,VMM02S0,404940,"What-SDI-Media-ES.eaf"
Motion,405849,dar_pasos,405849,VMG0000,405849,"What-SDI-Media-ES.eaf"
Seeing,407061,mirar,407061,VMG0000,407061,"What-SDI-Media-ES.eaf"
possesses,422490,tener,422490,VMIP3S0,422490,"What-SDI-Media-ES.eaf"
Investigating,425990,rebuscar,425990,VMIP3S0,425990,"What-SDI-Media-ES.eaf"
IntentionalProcess,427450,encontrar,427450,VMIP3S0,427450,"What-SDI-Media-ES.eaf"
Touching,482880,rascar,482880,VMIP3S0,482880,"What-SDI-Media-ES.eaf"
Communication,495620,colgar,495620,VMIP3S0,495620,"What-SDI-Media-ES.eaf"
Seeing,496256,mirar,496256,VMM02S0,496256,"What-SDI-Media-ES.eaf"
IntentionalPsychologicalProcess,504187,sobresaltar,504187,VMIP3S0,504187,"What-SDI-Media-ES.eaf"
Seeing,504601,mirar,504601,VMM02S0,504601,"What-SDI-Media-ES.eaf"
Walking,514354,caminar,514354,VMIP3S0,514354,"What-SDI-Media-ES.eaf"
Motion,518440,subir,518440,VMIP3S0,518440,"What-SDI-Media-ES.eaf"
Motion,523237,parar,523237,VMIP3S0,523237,"What-SDI-Media-ES.eaf"
Seeing,523731,mirar,523731,VMM02S0,523731,"What-SDI-Media-ES.eaf"
Motion,526580,continuar,526580,VMIP3S0,526580,"What-SDI-Media-ES.eaf"
Motion,527366,perder,527366,VMIP3S0,527366,"What-SDI-Media-ES.eaf"
Motion,531415,llegar,531415,VMIP3S0,531415,"What-SDI-Media-ES.eaf"
VisualAttribute,535495,brillar,535495,VMIP3S0,535495,"What-SDI-Media-ES.eaf"
Seeing,538632,mirar,538632,VMIP3P0,538632,"What-SDI-Media-ES.eaf"
DirectionChange,556760,girar,556760,VMIP3P0,556760,"What-SDI-Media-ES.eaf"
Seeing,558938,mirar,558938,VMG0000,558938,"What-SDI-Media-ES.eaf"
BodyMotion,595390,encogerse_de_hombros,595390,VMIP3S0,595390,"What-SDI-Media-ES.eaf"
Communication,708923,negar,708923,VMIP3S0,708923,"What-SDI-Media-ES.eaf"
BodyMotion,719144,alzar,719144,VMIP3S0,719144,"What-SDI-Media-ES.eaf"
Walking,737097,caminar,737097,VMIP3S0,737097,"What-SDI-Media-ES.eaf"
Motion,739386,seguir,739386,VMIP3S0,739386,"What-SDI-Media-ES.eaf"
exists,740367,quedar,740367,VMIP3S0,740367,"What-SDI-Media-ES.eaf"
Walking,746130,correr,746130,VMIP3S0,746130,"What-SDI-Media-ES.eaf"
BodyMotion,747714,rodear,747714,VMIP3S0,747714,"What-SDI-Media-ES.eaf"
Walking,750090,caminar,750090,VMIP3P0,750090,"What-SDI-Media-ES.eaf"
Motion,751938,abandonar,751938,VMIP3P0,751938,"What-SDI-Media-ES.eaf"
Process,759910,tender,759910,VMIP3S0,759910,"What-SDI-Media-ES.eaf"
Communication,760990,hablar,760990,VMIP3S0,760990,"What-SDI-Media-ES.eaf"
Process,764523,tender,764523,VMN0000,764523,"What-SDI-Media-ES.eaf"
possesses,765144,tener,765144,VMIP1S0,765144,"What-SDI-Media-ES.eaf"
Process,765558,dar,765558,VMN0000,765558,"What-SDI-Media-ES.eaf"
DirectionChange,773195,girar,773195,VMIP3S0,773195,"What-SDI-Media-ES.eaf"
Hearing,775430,oír,775430,VMM02S0,775430,"What-SDI-Media-ES.eaf"
TerminatingEmployment,776190,poder,776190,VMIP1S0,776190,"What-SDI-Media-ES.eaf"
Communication,776380,hablar,776380,VMN0000,776380,"What-SDI-Media-ES.eaf"
possesses,776760,tener,776760,VMIP1S0,776760,"What-SDI-Media-ES.eaf"
Motion,777140,dejar,777140,VMN0000,777140,"What-SDI-Media-ES.eaf"
Expressing,778420,fruncir,778420,VMIP3S0,778420,"What-SDI-Media-ES.eaf"
null,780000,zoé,780000,VMIP1S0,780000,"What-SDI-Media-ES.eaf"
Process,785220,surgir,785220,VMIP3S0,785220,"What-SDI-Media-ES.eaf"
Process,786960,pasar,786960,VMIP3S0,786960,"What-SDI-Media-ES.eaf"
Walking,6234,pasear,6234,VMIP3S0,6234,"What-Sonidos-ES.eaf"
Motion,8166,hacer_footing,8166,VMIP3S0,8166,"What-Sonidos-ES.eaf"
Putting Dressing,9776,llevar,9776,VMIP3S0,9776,"What-Sonidos-ES.eaf"
Process,23687,aparcar,23687,VMIP3S0,23687,"What-Sonidos-ES.eaf"
Motion,26288,bajar,26288,VMM02S0,26288,"What-Sonidos-ES.eaf"
Process,26866,abrir,26866,VMM02S0,26866,"What-Sonidos-ES.eaf"
Removing,28022,cambiar,28022,VMIP3S0,28022,"What-Sonidos-ES.eaf"
Touching,56052,sacar,56052,VMIP3S0,56052,"What-Sonidos-ES.eaf"
Putting Dressing,59440,poner,59440,VMIP3S0,59440,"What-Sonidos-ES.eaf"
Walking,68424,caminar,68424,VMIP3S0,68424,"What-Sonidos-ES.eaf"
Communication,70864,llamar,70864,VMIP3S0,70864,"What-Sonidos-ES.eaf"
Keeping,95550,reposar,95550,VMIP3S0,95550,"What-Sonidos-ES.eaf"
BodyMotion,100566,tumbar,100566,VMIP3S0,100566,"What-Sonidos-ES.eaf"
exists,103248,quedar,103248,VMIP3S0,103248,"What-Sonidos-ES.eaf"
Touching,104738,frotar,104738,VMIP3S0,104738,"What-Sonidos-ES.eaf"
BodyMotion,105930,abrir,105930,VMIP3S0,105930,"What-Sonidos-ES.eaf"
NormativeAttribute,107122,juguetear,107122,VMIP3S0,107122,"What-Sonidos-ES.eaf"
Seeing,141890,mirar,141890,VMM02S0,141890,"What-Sonidos-ES.eaf"
Process,157890,dejar,157890,VMIP3S0,157890,"What-Sonidos-ES.eaf"
BodyMotion,159510,levantar,159510,VMIP3S0,159510,"What-Sonidos-ES.eaf"
Walking,160158,caminar,160158,VMIP3S0,160158,"What-Sonidos-ES.eaf"
Seeing,161454,mirar,161454,VMG0000,161454,"What-Sonidos-ES.eaf"
Putting Dressing,162750,llevar,162750,VMIP3S0,162750,"What-Sonidos-ES.eaf"
Walking,168110,caminar,168110,VMM02S0,168110,"What-Sonidos-ES.eaf"
PsychologicalProcess,169870,titubear,169870,VMG0000,169870,"What-Sonidos-ES.eaf"
Motion,175846,darse_la_vuelta,175846,VMIP3S0,175846,"What-Sonidos-ES.eaf"
Motion,177276,parar,177276,VMIP3S0,177276,"What-Sonidos-ES.eaf"
Seeing,178420,otear,178420,VMIP3S0,178420,"What-Sonidos-ES.eaf"
Expressing,180136,fruncir,180136,VMG0000,180136,"What-Sonidos-ES.eaf"
Walking,193230,caminar,193230,VMM02S0,193230,"What-Sonidos-ES.eaf"
Seeing,194522,mirar,194522,VMG0000,194522,"What-Sonidos-ES.eaf"
Motion,195814,volver,195814,VMIP3S0,195814,"What-Sonidos-ES.eaf"
Putting Dressing,208992,poner,208992,VMIP3S0,208992,"What-Sonidos-ES.eaf"
capability,210080,dejar,210080,VMN0000,210080,"What-Sonidos-ES.eaf"
Seeing,210624,mirar,210624,VMN0000,210624,"What-Sonidos-ES.eaf"
Walking,222632,caminar,222632,VMIP3S0,222632,"What-Sonidos-ES.eaf"
Motion,228638,ascender,228638,VMIP3S0,228638,"What-Sonidos-ES.eaf"
Touching,235136,sostener,235136,VMIP3P0,235136,"What-Sonidos-ES.eaf"
Seeing,241098,mirar,241098,VMIP3S0,241098,"What-Sonidos-ES.eaf"
Touching,249510,acariciar,249510,VMIP3S0,249510,"What-Sonidos-ES.eaf"
Process,253597,abrir,253597,VMIP3S0,253597,"What-Sonidos-ES.eaf"
Drinking,254151,beber,254151,VMIP3S0,254151,"What-Sonidos-ES.eaf"
possesses,255259,tener,255259,VMIP3S0,255259,"What-Sonidos-ES.eaf"
Process,269666,dejar,269666,VMIP3S0,269666,"What-Sonidos-ES.eaf"
Putting Dressing,273670,llevar,273670,VMIP3S0,273670,"What-Sonidos-ES.eaf"
BodyMotion,276816,mover,276816,VMIP3S0,276816,"What-Sonidos-ES.eaf"
EndFn,277388,parar,277388,VMN0000,277388,"What-Sonidos-ES.eaf"
Touching,286296,sacar,286296,VMIP3S0,286296,"What-Sonidos-ES.eaf"
Process,289618,buscar,289618,VMIP3S0,289618,"What-Sonidos-ES.eaf"
Selecting,296637,seleccionar,296637,VMM02S0,296637,"What-Sonidos-ES.eaf"
Communication,298397,llamar,298397,VMIP3S0,298397,"What-Sonidos-ES.eaf"
Seeing,331470,mirar,331470,VMM02S0,331470,"What-Sonidos-ES.eaf"
Seeing,380920,mirar,380920,VMM02S0,380920,"What-Sonidos-ES.eaf"
exists,399940,quedar,399940,VMIP3S0,399940,"What-Sonidos-ES.eaf"
Motion,401725,alejar,401725,VMIP3S0,401725,"What-Sonidos-ES.eaf"
capability,402490,dejar,402490,VMN0000,402490,"What-Sonidos-ES.eaf"
Seeing,403000,mirar,403000,VMN0000,403000,"What-Sonidos-ES.eaf"
Touching,412132,morder,412132,VMIP3S0,412132,"What-Sonidos-ES.eaf"
Investigating,426550,rebuscar,426550,VMIP3S0,426550,"What-Sonidos-ES.eaf"
Seeing,495748,mirar,495748,VMIP3S0,495748,"What-Sonidos-ES.eaf"
possesses,498292,tener,498292,VMIP3S0,498292,"What-Sonidos-ES.eaf"
Motion,513477,ascender,513477,VMIP3S0,513477,"What-Sonidos-ES.eaf"
Putting Dressing,516528,llevar,516528,VMIP3S0,516528,"What-Sonidos-ES.eaf"
Motion,518562,parar,518562,VMIP3S0,518562,"What-Sonidos-ES.eaf"
Seeing,519240,mirar,519240,VMM02S0,519240,"What-Sonidos-ES.eaf"
Motion,520596,salir,520596,VMIP3S0,520596,"What-Sonidos-ES.eaf"
Walking,520935,correr,520935,VMG0000,520935,"What-Sonidos-ES.eaf"
Seeing,534813,mirar,534813,VMIP3P0,534813,"What-Sonidos-ES.eaf"
Seeing,557480,mirar,557480,VMIP3P0,557480,"What-Sonidos-ES.eaf"
IntentionalProcess,559220,usar,559220,VMIP3S0,559220,"What-Sonidos-ES.eaf"
Seeing,708805,mirar,708805,VMIP3P0,708805,"What-Sonidos-ES.eaf"
Communication,711220,negar,711220,VMIP3P0,711220,"What-Sonidos-ES.eaf"
Motion,737664,seguir,737664,VMIP3S0,737664,"What-Sonidos-ES.eaf"
Motion,739668,quedar,739668,VMIP3S0,739668,"What-Sonidos-ES.eaf"
BodyMotion,740670,levantar,740670,VMIP3S0,740670,"What-Sonidos-ES.eaf"
Walking,745640,correr,745640,VMIP3S0,745640,"What-Sonidos-ES.eaf"
Motion,746805,situar,746805,VMIP3S0,746805,"What-Sonidos-ES.eaf"
Process,748436,poner,748436,VMIP3S0,748436,"What-Sonidos-ES.eaf"
Motion,753455,alejar,753455,VMIP3P0,753455,"What-Sonidos-ES.eaf"
Walking,753790,caminar,753790,VMG0000,753790,"What-Sonidos-ES.eaf"
Process,759576,tender,759576,VMIP3S0,759576,"What-Sonidos-ES.eaf"
Communication,760728,hablar,760728,VMIP3S0,760728,"What-Sonidos-ES.eaf"
Process,763797,tender,763797,VMN0000,763797,"What-Sonidos-ES.eaf"
possesses,764367,tener,764367,VMIP1S0,764367,"What-Sonidos-ES.eaf"
Process,764747,dar,764747,VMN0000,764747,"What-Sonidos-ES.eaf"
Seeing,773270,mirar,773270,VMM02S0,773270,"What-Sonidos-ES.eaf"
Hearing,774840,oír,774840,VMM02S0,774840,"What-Sonidos-ES.eaf"
TerminatingEmployment,775242,poder,775242,VMIP1S0,775242,"What-Sonidos-ES.eaf"
Communication,775443,hablar,775443,VMN0000,775443,"What-Sonidos-ES.eaf"
possesses,775845,tener,775845,VMIP1S0,775845,"What-Sonidos-ES.eaf"
Motion,776247,dejar,776247,VMN0000,776247,"What-Sonidos-ES.eaf"
Process,785260,pasar,785260,VMIP3S0,785260,"What-Sonidos-ES.eaf"
Walking,3430,pasear,3430,VMIP3S0,3430,"What-Tragora-ES.eaf"
Walking,5347,correr,5347,VMIP3S0,5347,"What-Tragora-ES.eaf"
Motion,5773,cruzar,5773,VMIP3S0,5773,"What-Tragora-ES.eaf"
SocialInteraction,8329,entretener,8329,VMIP3S0,8329,"What-Tragora-ES.eaf"
Smelling,9394,olfatear,9394,VMIP3S0,9394,"What-Tragora-ES.eaf"
null,11311,dar_cuenta,11311,VMN0000,11311,"What-Tragora-ES.eaf"
exists,12163,quedar,12163,VMIP3S0,12163,"What-Tragora-ES.eaf"
Communication,13015,llamar,13015,VMIP3S0,13015,"What-Tragora-ES.eaf"
realization,13867,obedecer,13867,VMIP3S0,13867,"What-Tragora-ES.eaf"
Motion,14506,ir,14506,VMIP3S0,14506,"What-Tragora-ES.eaf"
Motion,23701,detener,23701,VMIP3S0,23701,"What-Tragora-ES.eaf"
Communication,28075,hablar,28075,VMIP3S0,28075,"What-Tragora-ES.eaf"
Motion,29290,salir,29290,VMIP3S0,29290,"What-Tragora-ES.eaf"
Breathing,53984,suspirar,53984,VMIP3S0,53984,"What-Tragora-ES.eaf"
Putting Dressing,56936,llevar,56936,VMIP3S0,56936,"What-Tragora-ES.eaf"
Process,58166,introducir,58166,VMM02S0,58166,"What-Tragora-ES.eaf"
Touching,60872,sacar,60872,VMIP3S0,60872,"What-Tragora-ES.eaf"
Putting Dressing,63578,poner,63578,VMIP3S0,63578,"What-Tragora-ES.eaf"
Walking,67022,pasear,67022,VMIP3S0,67022,"What-Tragora-ES.eaf"
BodyMotion,94984,tumbar,94984,VMIP3S0,94984,"What-Tragora-ES.eaf"
BodyMotion,96968,tomar,96968,VMIP3S0,96968,"What-Tragora-ES.eaf"
BodyMotion,99550,llevar,99550,VMIP3S0,99550,"What-Tragora-ES.eaf"
Touching,101550,restregar,101550,VMIP3S0,101550,"What-Tragora-ES.eaf"
capability,103800,dejar,103800,VMIP3S0,103800,"What-Tragora-ES.eaf"
BodyMotion,104050,caer,104050,VMN0000,104050,"What-Tragora-ES.eaf"
Process,105800,juguetear,105800,VMIP3S0,105800,"What-Tragora-ES.eaf"
Removing,106550,coger,106550,VMG0000,106550,"What-Tragora-ES.eaf"
Process,107550,soltar,107550,VMG0000,107550,"What-Tragora-ES.eaf"
BodyMotion,112333,incorporar,112333,VMIP3S0,112333,"What-Tragora-ES.eaf"
Seeing,141790,mirar,141790,VMM02S0,141790,"What-Tragora-ES.eaf"
Communication,158000,colgar,158000,VMIP3S0,158000,"What-Tragora-ES.eaf"
Process,159285,lanzar,159285,VMIP3S0,159285,"What-Tragora-ES.eaf"
BodyMotion,162112,levantar,162112,VMIP3S0,162112,"What-Tragora-ES.eaf"
Process,162626,empezar,162626,VMIP3S0,162626,"What-Tragora-ES.eaf"
Walking,163140,caminar,163140,VMN0000,163140,"What-Tragora-ES.eaf"
Putting Dressing,164939,llevar,164939,VMIP3S0,164939,"What-Tragora-ES.eaf"
Communication,169999,llamar,169999,VMIP3S0,169999,"What-Tragora-ES.eaf"
IntentionalProcess,171331,intentar,171331,VMIP3S0,171331,"What-Tragora-ES.eaf"
Investigating,171664,averiguar,171664,VMN0000,171664,"What-Tragora-ES.eaf"
IntentionalProcess,172663,proceder,172663,VMIP3S0,172663,"What-Tragora-ES.eaf"
Walking,173329,caminar,173329,VMIP3S0,173329,"What-Tragora-ES.eaf"
SubjectiveAssessmentAttribute,174328,centrar,174328,VMM02S0,174328,"What-Tragora-ES.eaf"
Motion,180000,dar,180000,VMIP3S0,180000,"What-Tragora-ES.eaf"
Motion,190858,dar,190858,VMIP3S0,190858,"What-Tragora-ES.eaf"
IntentionalProcess,192574,intentar,192574,VMIP3S0,192574,"What-Tragora-ES.eaf"
IntentionalPsychologicalProcess,192860,descubrir,192860,VMN0000,192860,"What-Tragora-ES.eaf"
Walking,196006,caminar,196006,VMG0000,196006,"What-Tragora-ES.eaf"
Seeing,197436,fijar,197436,VMIP3S0,197436,"What-Tragora-ES.eaf"
Motion,204395,acercar,204395,VMIP3S0,204395,"What-Tragora-ES.eaf"
Putting Dressing,206430,poner,206430,VMIP3S0,206430,"What-Tragora-ES.eaf"
Motion,207540,ir,207540,VMIP3S0,207540,"What-Tragora-ES.eaf"
Putting Dressing,207725,vestir,207725,VMG0000,207725,"What-Tragora-ES.eaf"
IntentionalProcess,208095,continuar,208095,VMIP3S0,208095,"What-Tragora-ES.eaf"
Seeing,208280,mirar,208280,VMG0000,208280,"What-Tragora-ES.eaf"
BodyMotion,209760,agachar,209760,VMIP3S0,209760,"What-Tragora-ES.eaf"
IntentionalProcess,210130,recoger,210130,VMN0000,210130,"What-Tragora-ES.eaf"
Motion,211610,ir,211610,VMIP3S0,211610,"What-Tragora-ES.eaf"
Walking,222122,caminar,222122,VMG0000,222122,"What-Tragora-ES.eaf"
Motion,223880,abandonar,223880,VMM02S0,223880,"What-Tragora-ES.eaf"
Motion,225052,llegar,225052,VMIP3S0,225052,"What-Tragora-ES.eaf"
Motion,226517,subir,226517,VMM02S0,226517,"What-Tragora-ES.eaf"
Motion,227689,seguir,227689,VMG0000,227689,"What-Tragora-ES.eaf"
Getting,230326,conseguir,230326,VMIP3S0,230326,"What-Tragora-ES.eaf"
Motion,230619,subir,230619,VMN0000,230619,"What-Tragora-ES.eaf"
Touching,237063,sostener,237063,VMIP3S0,237063,"What-Tragora-ES.eaf"
possesses,240920,tener,240920,VMIP3S0,240920,"What-Tragora-ES.eaf"
Communication,245456,negar,245456,VMIP3S0,245456,"What-Tragora-ES.eaf"
Process,250810,hacer,250810,VMIP3S0,250810,"What-Tragora-ES.eaf"
Removing,254450,retirar,254450,VMIP3S0,254450,"What-Tragora-ES.eaf"
Process,255750,llevar,255750,VMIP3S0,255750,"What-Tragora-ES.eaf"
Process,257310,detener,257310,VMIP3S0,257310,"What-Tragora-ES.eaf"
Seeing,257830,mirar,257830,VMM02S0,257830,"What-Tragora-ES.eaf"
Drinking,260170,tomar,260170,VMIP3S0,260170,"What-Tragora-ES.eaf"
IntentionalPsychologicalProcess,261470,saborear,261470,VMIP3S0,261470,"What-Tragora-ES.eaf"
Putting Dressing,266898,ir,266898,VMIP3S0,266898,"What-Tragora-ES.eaf"
Drinking,273906,tomar,273906,VMIP3S0,273906,"What-Tragora-ES.eaf"
BodyMotion,275074,mover,275074,VMIP3S0,275074,"What-Tragora-ES.eaf"
Process,277994,depositar,277994,VMIP3S0,277994,"What-Tragora-ES.eaf"
possesses,279454,tener,279454,VMIP3S0,279454,"What-Tragora-ES.eaf"
BodyMotion,281498,dar,281498,VMIP3S0,281498,"What-Tragora-ES.eaf"
Touching,282958,frotar,282958,VMIP3S0,282958,"What-Tragora-ES.eaf"
BodyMotion,284418,inclinar,284418,VMG0000,284418,"What-Tragora-ES.eaf"
Touching,285294,sacar,285294,VMIP3S0,285294,"What-Tragora-ES.eaf"
possesses,286754,tener,286754,VMIP3S0,286754,"What-Tragora-ES.eaf"
Process,288506,levantar,288506,VMIP3S0,288506,"What-Tragora-ES.eaf"
Process,289674,empezar,289674,VMIP3S0,289674,"What-Tragora-ES.eaf"
Seeing,290258,mirar,290258,VMN0000,290258,"What-Tragora-ES.eaf"
Process,294930,pulsar,294930,VMIP3S0,294930,"What-Tragora-ES.eaf"
Process,296974,llevar,296974,VMIP3S0,296974,"What-Tragora-ES.eaf"
IntentionalPsychologicalProcess,300186,esperar,300186,VMIP3S0,300186,"What-Tragora-ES.eaf"
Seeing,330730,mirar,330730,VMM02S0,330730,"What-Tragora-ES.eaf"
IntentionalProcess,380924,llamar,380924,VMIP3S0,380924,"What-Tragora-ES.eaf"
BodyMotion,399144,levantar,399144,VMIP3S0,399144,"What-Tragora-ES.eaf"
Process,401188,volver,401188,VMIP3S0,401188,"What-Tragora-ES.eaf"
Process,401772,poner,401772,VMN0000,401772,"What-Tragora-ES.eaf"
Process,405276,empezar,405276,VMIP3S0,405276,"What-Tragora-ES.eaf"
Walking,405860,caminar,405860,VMN0000,405860,"What-Tragora-ES.eaf"
Seeing,406152,mirar,406152,VMG0000,406152,"What-Tragora-ES.eaf"
capability,407028,dejar,407028,VMIP3S0,407028,"What-Tragora-ES.eaf"
Reasoning,411408,estudiar,411408,VMIP3S0,411408,"What-Tragora-ES.eaf"
SubjectiveAssessmentAttribute,412868,parecer,412868,VMIP3S0,412868,"What-Tragora-ES.eaf"
IntentionalProcess,421191,buscar,421191,VMIP3S0,421191,"What-Tragora-ES.eaf"
IntentionalProcess,425921,encontrar,425921,VMIP3S0,425921,"What-Tragora-ES.eaf"
Communication,495400,colgar,495400,VMIP3S0,495400,"What-Tragora-ES.eaf"
Seeing,496720,mirar,496720,VMM02S0,496720,"What-Tragora-ES.eaf"
IntentionalProcess,498040,intentar,498040,VMG0000,498040,"What-Tragora-ES.eaf"
Investigating,498370,averiguar,498370,VMN0000,498370,"What-Tragora-ES.eaf"
IntentionalProcess,499360,proceder,499360,VMIP3S0,499360,"What-Tragora-ES.eaf"
IntentionalProcess,501340,disponer,501340,VMIP3S0,501340,"What-Tragora-ES.eaf"
Seeing,502000,mirar,502000,VMN0000,502000,"What-Tragora-ES.eaf"
BodyMotion,507408,levantar,507408,VMIP3S0,507408,"What-Tragora-ES.eaf"
Motion,510844,salir,510844,VMIP3S0,510844,"What-Tragora-ES.eaf"
Process,512414,comenzar,512414,VMIP3S0,512414,"What-Tragora-ES.eaf"
Walking,513042,caminar,513042,VMN0000,513042,"What-Tragora-ES.eaf"
Putting Dressing,514926,llevar,514926,VMIP3S0,514926,"What-Tragora-ES.eaf"
Process,519008,empezar,519008,VMIP3S0,519008,"What-Tragora-ES.eaf"
Motion,519636,subir,519636,VMN0000,519636,"What-Tragora-ES.eaf"
Motion,522148,detener,522148,VMIP3S0,522148,"What-Tragora-ES.eaf"
Seeing,522776,mirar,522776,VMM02S0,522776,"What-Tragora-ES.eaf"
Remembering,525288,identificar,525288,VMIP3S0,525288,"What-Tragora-ES.eaf"
Motion,526544,venir,526544,VMIP3S0,526544,"What-Tragora-ES.eaf"
Motion,528742,avanzar,528742,VMIP3S0,528742,"What-Tragora-ES.eaf"
located,535889,encontrar,535889,VMIP3P0,535889,"What-Tragora-ES.eaf"
Requesting,539420,preguntar,539420,VMIP3P0,539420,"What-Tragora-ES.eaf"
Hearing,540383,escuchar,540383,VMIP3P0,540383,"What-Tragora-ES.eaf"
Hearing,559041,escuchar,559041,VMIP3P0,559041,"What-Tragora-ES.eaf"
Seeing,559563,mirar,559563,VMIP3P0,559563,"What-Tragora-ES.eaf"
IntentionalPsychologicalProcess,595700,emocionar,595700,VMIP3S0,595700,"What-Tragora-ES.eaf"
Expressing,700800,reír,700800,VMIP3S0,700800,"What-Tragora-ES.eaf"
Seeing,707789,cruzar_la_mirada,707789,VMIP3P0,707789,"What-Tragora-ES.eaf"
Communication,709893,negar,709893,VMIP3S0,709893,"What-Tragora-ES.eaf"
Seeing,717710,mirar,717710,VMIP3S0,717710,"What-Tragora-ES.eaf"
Process,736990,empezar,736990,VMIP3S0,736990,"What-Tragora-ES.eaf"
Walking,737530,caminar,737530,VMN0000,737530,"What-Tragora-ES.eaf"
Process,738880,meter,738880,VMIP3S0,738880,"What-Tragora-ES.eaf"
Motion,741310,seguir,741310,VMIP3S0,741310,"What-Tragora-ES.eaf"
Motion,745272,dar_zancadas,745272,VMIP3S0,745272,"What-Tragora-ES.eaf"
Motion,746904,alcanzar,746904,VMIP3S0,746904,"What-Tragora-ES.eaf"
Seeing,747992,mirar,747992,VMIP3P0,747992,"What-Tragora-ES.eaf"
Process,750168,poner,750168,VMIP3S0,750168,"What-Tragora-ES.eaf"
Process,752072,hacer,752072,VMIP3S0,752072,"What-Tragora-ES.eaf"
Motion,753704,ir,753704,VMIP3P0,753704,"What-Tragora-ES.eaf"
Motion,753976,alejar,753976,VMG0000,753976,"What-Tragora-ES.eaf"
Motion,755336,volver,755336,VMIP3P0,755336,"What-Tragora-ES.eaf"
Motion,757512,subir,757512,VMIS3P0,757512,"What-Tragora-ES.eaf"
Communication,759688,hablar,759688,VMIP3S0,759688,"What-Tragora-ES.eaf"
Process,760776,tender,760776,VMIP3S0,760776,"What-Tragora-ES.eaf"
Seeing,772570,mirar,772570,VMM02S0,772570,"What-Tragora-ES.eaf"
Communication,778000,colgar,778000,VMIP3S0,778000,"What-Tragora-ES.eaf"
Process,786149,pasar,786149,VMIP3S0,786149,"What-Tragora-ES.eaf"
